arabic,transliteration,uz,ru,category,lesson_id
بَيْت,bayt,uy,дом,Uy va oila,1
غُرْفَة,ghurfa,xona,комната,Uy va oila,1
مَطْبَخ,matbakh,oshxona,кухня,Uy va oila,1
حَمَّام,hammam,hammom,ванная,Uy va oila,1
أَب,ab,ota,отец,Uy va oila,1
أُم,umm,ona,мать,Uy va oila,1
أَخ,akh,aka/uka,брат,Uy va oila,1
أُخْت,ukht,opa/singil,сестра,Uy va oila,1
مَدْرَسَة,madrasa,maktab,школа,Ta’lim,2
طَالِب,talib,o‘quvchi,ученик,Ta’lim,2
مُعَلِّم,muallim,o‘qituvchi,учитель,Ta’lim,2
كِتَاب,kitab,kitob,книга,Ta’lim,2
دَفْتَر,daftar,daftar,тетрадь,Ta’lim,2
قَلَم,qalam,ruchka,ручка,Ta’lim,2
جَامِعَة,jamia,universitet,университет,Ta’lim,2
سُوق,suq,bozor,рынок,Kundalik,3
مَتْجَر,matjar,do‘kon,магазин,Kundalik,3
مَال,mal,pul,деньги,Kundalik,3
طَعَام,ta‘am,ovqat,еда,Oziq-ovqat,3
مَاء,ma’,suv,вода,Oziq-ovqat,3
خُبْز,khubz,non,хлеб,Oziq-ovqat,3
شَاي,shay,choy,чай,Oziq-ovqat,3
قَهْوَة,qahwa,qahva,кофе,Oziq-ovqat,3
لَحْم,lahm,go‘sht,мясо,Oziq-ovqat,3
فَاكِهَة,fakiha,meva,фрукты,Oziq-ovqat,3
ذَهَبَ,dhahaba,bordi,пошёл,Fe’llar,4
جَاءَ,jaa,keldi,пришёл,Fe’llar,4
أَكَلَ,akala,yedi,ел,Fe’llar,4
شَرِبَ,shariba,ichdi,пил,Fe’llar,4
نَامَ,naama,uxladi,спал,Fe’llar,4
قَامَ,qama,turdi,встал,Fe’llar,4
كَتَبَ,kataba,yozdi,писал,Fe’llar,4
قَرَأَ,qaraa,o‘qidi,читал,Fe’llar,4
كَبِير,kabir,kattа,большой,Sifatlar,5
صَغِير,saghir,kichik,маленький,Sifatlar,5
جَمِيل,jamil,chiroyli,красивый,Sifatlar,5
قَبِيح,qabih,xunuk,некрасивый,Sifatlar,5
جَدِيد,jadid,yangi,новый,Sifatlar,5
قَدِيم,qadim,eski,старый,Sifatlar,5
سَرِيع,sari‘,tez,быстрый,Sifatlar,5
بَطِيء,bati’,sekin,медленный,Sifatlar,5
نَعَم,na‘am,ha,да,So‘zlashuv,6
لَا,la,yo‘q,нет,So‘zlashuv,6
مِنْ Fَضْلِك,min fadlik,iltimos,пожалуйста,So‘zlashuv,6
شُكْرًا,shukran,rahmat,спасибо,So‘zlashuv,6
arabic,transliteration,uz,ru,category,lesson_id
سَيَّارَة,sayyara,mashina,машина,Transport,7
حَافِلَة,haafila,avtobus,автобус,Transport,7
قِطَار,qitar,poyezd,поезд,Transport,7
دَرَّاجَة,darraaja,velosiped,велосипед,Transport,7
طَائِرَة,taa'ira,samolyot,самолёт,Transport,7
مَطَار,matar,aeroport,аэропорт,Transport,7
مِحَطَّة,mihatta,stansiya,станция,Transport,7
طَرِيق,tariq,yo‘l,дорога,Transport,7
إِشَارَة,ishaara,svetofor,светофор,Transport,7
تَذْكِرَة,tadhkira,chiptа,билет,Transport,7
سَائِق,saa'iq,haydovchi,водитель,Transport,7
مُسَافِر,musaafir,yo‘lovchi,пассажир,Transport,7
وُصُول,wusul,kelish,прибытие,Transport,7
مُغَادَرَة,mughaadara,jo‘nash,отправление,Transport,7
مُنْعَطَف,mun'ataf,burilish,поворот,Transport,7
سِرْعَة,sir'a,tezlik,скорость,Transport,7
حَادِث,haadith,avariya,авария,Transport,7
وُقُود,wuquud,yoqilg‘i,топливо,Transport,7
مَحَطَّةُ وَقُود,mahattat wuquud,benzin zapravka,заправка,Transport,7
مِرْآة,mir'aa,oyna,зеркало,Transport,7
مِفْتَاح,miftaah,kalit,ключ,Transport,7
فَرَامِل,faraamil,tormoz,тормоз,Transport,7
مُحَرِّك,muharrik,dvigatel,двигатель,Transport,7
إِطَار,itar,shina,шина,Transport,7
مِقْوَد,miqwad,rul,руль,Transport,7
جِسْر,jisr,ko‘prik,мост,Transport,7
نَفَق,nafaq,tunnel,туннель,Transport,7
مَفْتَرَق,maftaraq,chorraha,перекрёсток,Transport,7
مَوْقِف,mawqif,parkovka,парковка,Transport,7
خَارِطَة,khaarita,xarita,карта,Transport,7
اتِّجَاه,ittijaah,yo‘nalish,направление,Transport,7
قُرْب,qurb,yaqin,рядом,Transport,7
بَعِيد,ba'iid,uzoq,далеко,Transport,7
يَمِين,yamiin,o‘ng,право,Transport,7
يَسَار,yasaar,chap,лево,Transport,7
أَمَام,amaam,oldinda,впереди,Transport,7
خَلْف,khalf,orqada,сзади,Transport,7
فَوْق,fawq,ustida,сверху,Transport,7
تَحْت,taht,ostida,снизу,Transport,7
دَاخِل,daakhil,ichida,внутри,Transport,7
خَارِج,khaarij,tashqarida,снаружи,Transport,7
قَرِيب,qariib,yaqin,близко,Transport,7
بِسُرْعَة,bisur'a,tezda,быстро,Transport,7
بِبُطْء,bibut',sekin,медленно,Transport,7
اِنْتَظَرَ,intazara,kutdi,ждал,Transport,7
رَكِبَ,rakiba,mingdi,сел (в транспорт),Transport,7
نَزَلَ,nazala,tushdi,вышел,Transport,7
سَافَرَ,saafara,safar qildi,путешествовал,Transport,7
وَصَلَ,wasala,yetib keldi,прибыл,Transport,7
اِسْم,is'm,ism,имя,So‘zlashuv,8
لُغَة,lugha,til,язык,So‘zlashuv,8
كَلِمَة,kalima,so‘z,слово,So‘zlashuv,8
جُمْلَة,jumla,jumla,предложение,So‘zlashuv,8
مَعْنَى,ma'na,ma’no,значение,So‘zlashuv,8
سُؤَال,su'aal,savol,вопрос,So‘zlashuv,8
جَوَاب,jawaab,javob,ответ,So‘zlashuv,8
مَاذَا,maadhaa,nima,что,So‘zlashuv,8
مَنْ,man,kim,кто,So‘zlashuv,8
أَيْن,ayn,qayerda,где,So‘zlashuv,8
مَتَى,mataa,qachon,когда,So‘zlashuv,8
لِمَاذَا,limaadhaa,nima uchun,почему,So‘zlashuv,8
كَيْف,kayf,qanday,как,So‘zlashuv,8
كَمْ,kam,nechta,сколько,So‘zlashuv,8
هَذَا,haadhaa,bu (m),это,So‘zlashuv,8
هَذِهِ,haadhihi,bu (f),это,So‘zlashuv,8
هُنَاك,hunaak,u yerda,там,So‘zlashuv,8
هُنَا,hunaa,bu yerda,здесь,So‘zlashuv,8
جَيِّد,jayyid,yaxshi,хорошо,So‘zlashuv,8
سَيِّئ,sayyi',yomon,плохо,So‘zlashuv,8
صَحِيح,sahiih,to‘g‘ri,правильно,So‘zlashuv,8
خَطَأ,khata',xato,ошибка,So‘zlashuv,8
مُمْتَاز,mumtaaz,a’lo,отлично,So‘zlashuv,8
حَسَن,hasan,yaxshi,хороший,So‘zlashuv,8
سَهْل,sahl,oson,легко,So‘zlashuv,8
صَعْب,sa'b,qiyin,трудно,So‘zlashuv,8
أُحِبُّ,uhibbu,yoqtiraman,люблю,So‘zlashuv,8
لَا أُحِبُّ,la uhibbu,yoqtirmayman,не люблю,So‘zlashuv,8
أُرِيدُ,uriidu,xohlayman,хочу,So‘zlashuv,8
لَا أُرِيدُ,la uriidu,xohlamayman,не хочу,So‘zlashuv,8
أَفْهَمُ,afhamu,tushunaman,понимаю,So‘zlashuv,8
لَا أَفْهَمُ,la afhamu,tushunmayman,не понимаю,So‘zlashuv,8
أَعْرِفُ,a'rifu,bilaman,знаю,So‘zlashuv,8
لَا أَعْرِفُ,la a'rifu,bilmayman,не знаю,So‘zlashuv,8
اِسْمَع,isma',eshit,слушай,So‘zlashuv,8
اُنْظُر,unzur,qarang,смотри,So‘zlashuv,8
تَفَضَّل,tafaddal,marhamat,пожалуйста,So‘zlashuv,8
عَفْوًا,afwan,kechirasiz,извините,So‘zlashuv,8
آسِف,aasif,afsus (erkak),извиняюсь,So‘zlashuv,8
آسِفَة,aasifa,afsus (ayol),извиняюсь,So‘zlashuv,8
مَرْحَبًا,marhaban,salom,здравствуйте,So‘zlashuv,8
أَهْلًا,ahlan,xush kelibsiz,добро пожаловать,So‘zlashuv,8
إِلَى اللِّقَاءِ,ila al-liqaa',xayr,до свидания,So‘zlashuv,8
صَبَاحُ الْخَيْر,sabaahul-khayr,xayrli tong,доброе утро,So‘zlashuv,8
مَسَاءُ الْخَيْر,masaa'ul-khayr,xayrli kech,добрый вечер,So‘zlashuv,8
تَشَرَّفْنَا,tasharrafnaa,tanishganimdan xursandman,приятно познакомиться,So‘zlashuv,8
بِصِحَّة,bisihha,marhamat (ovqatga),приятного аппетита,So‘zlashuv,8
صَحَّة,sihha,sog‘liq,здоровье,So‘zlashuv,8
مُسَاعَدَة,musaa'ada,yordam,помощь,So‘zlashuv,8
مُمْكِن,mumkin,mumkin,возможно,So‘zlashuv,8
غَيْرُ مُمْكِن,ghayru mumkin,mumkin emas,невозможно,So‘zlashuv,8
اِفْتَح,iftah,och,открой,So‘zlashuv,8
اُغْلِق,ughliq,yop,закрой,So‘zlashuv,8
صُورَة,suura,rasm,фото,Raqamli hayot,9
هَاتِف,haatif,telefon,телефон,Raqamli hayot,9
هَاتِف ذَكِيّ,haatif dhakiyy,smartfon,смартфон,Raqamli hayot,9
حَاسُوب,haasuub,kompyuter,компьютер,Raqamli hayot,9
حَاسُوب مَحْمُول,haasuub mahmuul,noutbuk,ноутбук,Raqamli hayot,9
شَاشَة,shaasha,ekran,экран,Raqamli hayot,9
لَوْحَة,mauha?,planshet,планшет,Raqamli hayot,9
مُتَصَفِّح,mutasaffih,brauzer,браузер,Raqamli hayot,9
إِنْتَرْنِت,internet,internet,интернет,Raqamli hayot,9
شَبَكَة,shabaka,tarmoq,сеть,Raqamli hayot,9
وَاي فَاي,waay faay,wifi,wifi,Raqamli hayot,9
حِسَاب,hisaab,akkaunt,аккаунт,Raqamli hayot,9
كَلِمَةُ السِّر,kalimat as-sirr,parol,пароль,Raqamli hayot,9
رِسَالَة,risaala,xabar,сообщение,Raqamli hayot,9
بَرِيد إِلِكْتُرُونِي,bariid elektroniy,email,эл.почта,Raqamli hayot,9
مِلَف,milaf,fayl,файл,Raqamli hayot,9
مُجَلَّد,mujallad,papka,папка,Raqamli hayot,9
تَحْمِيل,tahmiil,yuklab olish,скачивание,Raqamli hayot,9
رَفْع,raf',yuklash (upload),загрузка,Raqamli hayot,9
رَابِط,raabit,havola,ссылка,Raqamli hayot,9
تَطْبِيق,tatbiq,ilova,приложение,Raqamli hayot,9
تَحْدِيث,tahdiith,yangilash,обновление,Raqamli hayot,9
نِظَام,nizaam,tizim,система,Raqamli hayot,9
بَرْمَجَة,barmaja,dasturlash,программирование,Raqamli hayot,9
شِيفْرَة,shifra,kod,код,Raqamli hayot,9
قَاعِدَة بَيَانَات,qaa'idat bayanaat,ma’lumotlar bazasi,база данных,Raqamli hayot,9
خَادِم,khaadim,server,сервер,Raqamli hayot,9
سَحَابَة,sahaaba,bulut,облако,Raqamli hayot,9
أَمْن,amn,xavfsizlik,безопасность,Raqamli hayot,9
فَيْرُوس,fayruus,virus,вирус,Raqamli hayot,9
حِمَايَة,himaaya,himoya,защита,Raqamli hayot,9
نُسْخَة, nuskha,nusxa,версия,Raqamli hayot,9
نَسْخ, naskh,nusxa olish,копировать,Raqamli hayot,9
لَصْق,lasq,yopishtirish,вставить,Raqamli hayot,9
حَذْف,hadf,o‘chirish,удалить,Raqamli hayot,9
حِفْظ,hifz,saqlash,сохранить,Raqamli hayot,9
بَحْث,bahth,qidiruv,поиск,Raqamli hayot,9
مُسْتَخْدِم,mustakhdim,foydalanuvchi,пользователь,Raqamli hayot,9
تَسْجِيل,tasjiil,ro‘yxatdan o‘tish,регистрация,Raqamli hayot,9
دُخُول,dukhuul,kirish (login),вход,Raqamli hayot,9
خُرُوج,khuruuj,chiqish (logout),выход,Raqamli hayot,9
إِعْجَاب,i'jaab,like,лайк,Raqamli hayot,9
تَعْلِيق,ta'liiq,izoh,комментарий,Raqamli hayot,9
مُتَابَعَة,mutaaba'a,kuzatish,подписка,Raqamli hayot,9
مُشَارَكَة,mushaaraka,ulashish,поделиться,Raqamli hayot,9
إِعْلَان,i'laan,reklama,реклама,Raqamli hayot,9
تَكْوِين,takwiin,sozlamalar,настройки,Raqamli hayot,9
مَكْتَب,maktab,ofis,офис,Ish va biznes,10
شَرِكَة,sharika,kompaniya,компания,Ish va biznes,10
عَمَل,amal,ish,работа,Ish va biznes,10
وَظِيفَة,waziifa,vakansiya,вакансия,Ish va biznes,10
مُدِير,mudiir,menejer,менеджер,Ish va biznes,10
مُوَظَّف,muwazzaf,xodim,сотрудник,Ish va biznes,10
زَمِيل,zamiil,hamkasb,коллега,Ish va biznes,10
اِجْتِمَاع,ijtimaa',uchrashuv,встреча,Ish va biznes,10
مَشْرُوع,mashruu',loyiha,проект,Ish va biznes,10
خُطَّة,khutta,reja,план,Ish va biznes,10
هَدَف,hadaf,maqsad,цель,Ish va biznes,10
مُدَّة,mudda,muddat,срок,Ish va biznes,10
مَوْعِد,maw'id,vaqt (deadline),срок/время,Ish va biznes,10
رَاتِب,raatib,oylik,зарплата,Ish va biznes,10
مُقَابَلَة,muqaabala,suhbat (intervyu),собеседование,Ish va biznes,10
سِيرَة ذَاتِيَّة,siira dhaatiyya,CV,резюме,Ish va biznes,10
مَهَارَة,mahaara,ko‘nikma,навык,Ish va biznes,10
خِبْرَة,khibra,tajriba,опыт,Ish va biznes,10
عَقْد,aqd,shartnoma,договор,Ish va biznes,10
مُدَاخَلَة,mudaakhala,kirim,доход,Ish va biznes,10
مَصْرُوف,masruuf,chiqim,расход,Ish va biznes,10
فَاتُورَة,fatuura,hisob-faktura,счёт-фактура,Ish va biznes,10
دَفْع,daf',to‘lov,платёж,Ish va biznes,10
سِعْر,si'r,narx,цена,Ish va biznes,10
خَصْم,khasm,chegirma,скидка,Ish va biznes,10
رِبْح,ribh,foyda,прибыль,Ish va biznes,10
خَسَارَة,khasaara,zarar,убыток,Ish va biznes,10
عُمْلَة,umla,valyuta,валюта,Ish va biznes,10
بَنْك,bank,bank,банк,Ish va biznes,10
حِسَاب بَنْكِي,hisaab banki,bank hisobi,банковский счёт,Ish va biznes,10
بِطَاقَة,biṭaaqa,karta,карта,Ish va biznes,10
نَقْد,naqd,naqd pul,наличные,Ish va biznes,10
تَحْوِيل,tahwiil,o‘tkazma,перевод,Ish va biznes,10
زَبُون,zabuun,mijoz,клиент,Ish va biznes,10
عَرْض,ard,taklif,предложение,Ish va biznes,10
طَلَب,talab,so‘rov,запрос,Ish va biznes,10
تَسْوِيق,taswiiq,marketing,маркетинг,Ish va biznes,10
مُحَاسَبَة,muhaasaba,buxgalteriya,бухгалтерия,Ish va biznes,10
مُدِير عَام,mudiir aam,bosh direktor,гендиректор,Ish va biznes,10
فَرِيق,farii q,jamoa,команда,Ish va biznes,10
عَمِيل,amiil,klient,клиент,Ish va biznes,10
تَوْظِيف,tawziif,ishga olish,найм,Ish va biznes,10
تَرْقِيَة,tarqiya,ko‘tarilish,повышение,Ish va biznes,10
اِسْتِقَالَة,istiqala,ishdan ketish,увольнение, Ish va biznes,10
اِتِّصَال,ittisaal,aloqa,контакт,So‘zlashuv,11
رَقْم,raqm,raqam,номер,So‘zlashuv,11
عُنْوَان,unwaan,manzil,адрес,So‘zlashuv,11
مَدِينَة,madiina,shahar,город,So‘zlashuv,11
قَرْيَة,qarya,qishloq,деревня,So‘zlashuv,11
بَلَد,balad,mamlakat,страна,So‘zlashuv,11
شَارِع,shaari',ko‘cha,улица,So‘zlashuv,11
حَيّ,hayy,mahalla,район,So‘zlashuv,11
بِنَايَة,binaaya,bino,здание,So‘zlashuv,11
طَابِق,taabiq,qavat,этаж,So‘zlashuv,11
بَاب,baab,eshik,дверь,So‘zlashuv,11
نَافِذَة,naafidha,deraza,окно,So‘zlashuv,11
مَكْتَب,maktab,ish xonasi,офис,So‘zlashuv,11
مُسْتَشْفَى,mustashfaa,kasalxona,больница,So‘zlashuv,11
صَيْدَلِيَّة,saydaliyya,apteka,аптека,So‘zlashuv,11
مَطْعَم,mat'am,restoran,ресторан,So‘zlashuv,11
مَقْهًى,maqha,kafe,кафе,So‘zlashuv,11
مَسْجِد,masjid,masjid,мечеть,So‘zlashuv,11
مَكْتَبَة,maktaba,kutubxona,библиотека,So‘zlashuv,11
مَلْعَب,mal'ab,stadion,стадион,So‘zlashuv,11
حَدِيقَة,hadiiqa,bog‘,парк,So‘zlashuv,11
سَاحَة,saaha,maydon,площадь,So‘zlashuv,11
مَرْكَز,markaz,markaz,центр,So‘zlashuv,11
قَرِيب مِن,qariib min,yaqinida,рядом с,So‘zlashuv,11
بَعِيد عَنْ,ba'iid 'an,uzoqda,далеко от,So‘zlashuv,11
فِي,fi,ichida/da,в,So‘zlashuv,11
عَلَى,ala,ustida/da,на,So‘zlashuv,11
إِلَى,ila,ga,к,So‘zlashuv,11
مَعَ,ma'a,bilan,с,So‘zlashuv,11
بِدُون,biduun,siz,без,So‘zlashuv,11
قَبْل,qabl,oldin,до,So‘zlashuv,11
بَعْد,ba'd,keyin,после,So‘zlashuv,11
الْيَوْم,al-yawm,bugun,сегодня,So‘zlashuv,11
غَدًا,ghadan,ertaga,завтра,So‘zlashuv,11
أَمْس,ams,kecha,вчера,So‘zlashuv,11
الآن,al-aan,hozir,сейчас,So‘zlashuv,11
دَائِمًا,daa'iman,doim,всегда,So‘zlashuv,11
أَحْيَانًا,ahyaanan,ba’zan,иногда,So‘zlashuv,11
نَادِرًا,naadiran,kamdan-kam,редко,So‘zlashuv,11
سَرِيعًا,sarii'an,tezda,быстро,So‘zlashuv,11
بِهُدُوء,bihuduu',tinch,спокойно,So‘zlashuv,11
arabic,transliteration,uz,ru,category,lesson_id
جِسْم,jism,tana,тело,Inson,12
رَأْس,ra's,bosh,голова,Inson,12
وَجْه,wajh,yuz,лицо,Inson,12
عَيْن,ayn,ko‘z,глаз,Inson,12
أُذُن,udhun,quloq,ухо,Inson,12
أَنْف,anf,burn,нос,Inson,12
فَم,fam,og‘iz,рот,Inson,12
سِن,sinn,tish,зуб,Inson,12
لِسَان,lisan,til,язык,Inson,12
يَد,yad,qo‘l,рука,Inson,12
قَدَم,qadam,oyoq,нога,Inson,12
قَلْب,qalb,yurak,сердце,Inson,12
دَم,dam,qon,кровь,Inson,12
عَظْم,azm,suyak,кость,Inson,12
جِلْد,jild,teri,кожа,Inson,12
شَعْر,sha'r,soch,волосы,Inson,12
صِحَّة,sihha,sog‘liq,здоровье,Inson,12
مَرَض,marad,kasallik,болезнь,Inson,12
دَوَاء,dawaa,dori,лекарство,Inson,12
طَبِيب,tabib,shifokor,врач,Inson,12
مُمَرِّض,mumarridsh,hamshira,медсестра,Inson,12
مُسْتَشْفَى,mustashfaa,kasalxona,больница,Inson,12
فَحْص,fahs,tekshiruv,осмотр,Inson,12
عِلَاج,ilaaj,davolash,лечение,Inson,12
أَلَم,alam,og‘riq,боль,Inson,12
حُمَّى,hummaa,isitma,жар,Inson,12
سُعَال,su'aal,yo‘tal,кашель,Inson,12
زُكَام,zukaam,shamollash,простуда,Inson,12
تَعَب,ta'ab,charchoq,усталость,Inson,12
نَوْم,nawm,uyqu,сон,Inson,12
صَبَاح,sabaah,ertalab,утро,Vaqt,13
مَسَاء,masaa,kechqurun,вечер,Vaqt,13
لَيْل,layl,tun,ночь,Vaqt,13
نَهَار,nahaar,kunduz,день,Vaqt,13
أُسْبُوع,usbu',hafta,неделя,Vaqt,13
شَهْر,shahr,oy,месяц,Vaqt,13
سَنَة,sana,yil,год,Vaqt,13
دَقِيقَة,daqiiqa,daqiqa,минута,Vaqt,13
سَاعَة,saa'a,soat,час,Vaqt,13
وَقْت,waqt,vaqt,время,Vaqt,13
بَاكِرًا,baakiran,erta,рано,Vaqt,13
مُتَأَخِّرًا,muta'akhiran,kech,поздно,Vaqt,13
دَائِمًا,daa'iman,har doim,всегда,Vaqt,13
أَبَدًا,abadan,hech qachon,никогда,Vaqt,13
قَلِيلًا,qaliilan,ozgina,немного,Vaqt,13
كَثِيرًا,kathiiran,ko‘p,много,Vaqt,13
سَمَاء,samaa,osmon,небо,Tabiat,14
شَمْس,shams,quyosh,солнце,Tabiat,14
قَمَر,qamar,oy,луна,Tabiat,14
نَجْم,najm,yulduz,звезда,Tabiat,14
مَطَر,matar,yomg‘ir,дождь,Tabiat,14
رِيح,riih,shamol,ветер,Tabiat,14
ثَلْج,thalj,qor,снег,Tabiat,14
بَحْر,bahr,dengiz,море,Tabiat,14
نَهْر,nahr,daryo,река,Tabiat,14
جَبَل,jabal,tog‘,гора,Tabiat,14
وَاد,wadi,vodiy,долина,Tabiat,14
شَجَرَة,shajara,daraxt,дерево,Tabiat,14
وَرْدَة,warda,gul,цветок,Tabiat,14
أَرْض,ard,yer,земля,Tabiat,14
هَوَاء,hawaa,havo,воздух,Tabiat,14
حَيَوَان,hayawaan,hayvon,животное,Tabiat,14
طَيْر,tayr,qush,птица,Tabiat,14
سَمَك,samak,baliq,рыба,Tabiat,14
كَلْب,kalb,it,собака,Tabiat,14
قِطّ,qitt,mushuk,кот,Tabiat,14
أَكَلَ,akala,yedi,ел,Fe’llar,15
شَرِبَ,shariba,ichdi,пил,Fe’llar,15
ذَهَبَ,dhahaba,bordi,пошёл,Fe’llar,15
جَاءَ,jaa,keldi,пришёл,Fe’llar,15
نَامَ,naama,uxladi,спал,Fe’llar,15
قَامَ,qaama,turdi,встал,Fe’llar,15
جَلَسَ,jalasa,o‘tirdi,сел,Fe’llar,15
وَقَفَ,waqafa,turdi (tik),стоял,Fe’llar,15
فَتَحَ,fataha,ochdi,открыл,Fe’llar,15
أَغْلَقَ,aghlaka,yopdi,закрыл,Fe’llar,15
شَاهَدَ,shaahada,ko‘rdi,смотрел,Fe’llar,15
سَمِعَ,sami'a,eshitdi,слышал,Fe’llar,15
تَكَلَّمَ,takallama,gapirdi,говорил,Fe’llar,15
سَأَلَ,sa'ala,so‘radi,спросил,Fe’llar,15
أَجَابَ,ajaaba,javob berdi,ответил,Fe’llar,15
عَمِلَ,amila,ishladi,работал,Fe’llar,15
دَرَسَ,darasa,o‘qidi,учился,Fe’llar,15
فَهِمَ,fahima,tushundi,понял,Fe’llar,15
نَسِيَ,nasiya,unutdi,забыл,Fe’llar,15
ذَكَرَ,dhakara,esladi,вспомнил,Fe’llar,15
arabic,transliteration,uz,ru,category,lesson_id
لَوْن,lawn,rang,цвет,Ranglar,16
أَبْيَض,abyad,oq,белый,Ranglar,16
أَسْوَد,aswad,qora,чёрный,Ranglar,16
أَحْمَر,ahmar,qizil,красный,Ranglar,16
أَزْرَق,azraq,ko‘k,синий,Ranglar,16
أَخْضَر,akhḍar,yashil,зелёный,Ranglar,16
أَصْفَر,asfar,sariq,жёлтый,Ranglar,16
بُنِّي,bunni,jigarrang,коричневый,Ranglar,16
وَرْدِي,wardi,pushti,розовый,Ranglar,16
رَمَادِي,ramadi,kulrang,серый,Ranglar,16
طَعَام,ta‘aam,ovqat,еда,Oziq-ovqat,17
أَرُز,aruzz,guruch,рис,Oziq-ovqat,17
دَجَاج,dajaaj,tovuq,курица,Oziq-ovqat,17
سَمَك,samak,baliq,рыба,Oziq-ovqat,17
بَيْض,bayḍ,tuxum,яйцо,Oziq-ovqat,17
حَلِيب,haliib,sut,молоко,Oziq-ovqat,17
جُبْن,jubn,pishloq,сыр,Oziq-ovqat,17
زَيْت,zayt,yog‘,масло,Oziq-ovqat,17
سُكَّر,sukkar,shakar,сахар,Oziq-ovqat,17
مِلْح,milh,tuz,соль,Oziq-ovqat,17
فَطُور,fatuur,nonushta,завтрак,Oziq-ovqat,17
غَدَاء,ghadaa,tushlik,обед,Oziq-ovqat,17
عَشَاء,‘ashaa,kechki ovqat,ужин,Oziq-ovqat,17
مَشْرُوب,mashruub,ichimlik,напиток,Oziq-ovqat,17
حَلْوَى,halwaa,shirinlik,сладость,Oziq-ovqat,17
مِلْعَقَة,mi‘laka,qoshiq,ложка,Oziq-ovqat,17
سِكِّين,sikkiin,pichoq,нож,Oziq-ovqat,17
شَوْكَة,shawkah,sanchqi,вилка,Oziq-ovqat,17
طَبَق,ṭabaq,likop,тарелка,Oziq-ovqat,17
كَأْس,ka’s,stakan,стакан,Oziq-ovqat,17
لِبَاس,libaas,kiyim,одежда,Kiyim,18
قَمِيص,qamiis,ko‘ylak,рубашка,Kiyim,18
سِرْوَال,sirwal,shim,брюки,Kiyim,18
فُسْتَان,fustaan,ko‘ylak (ayol),платье,Kiyim,18
مِعْطَف,mi‘taf,palto,пальто,Kiyim,18
حِذَاء,hidhaa,oyoq kiyim,обувь,Kiyim,18
قُبَّعَة,qubba‘a,shlyapa,шляпа,Kiyim,18
جَوْرَب,jawrab, paypoq,носки,Kiyim,18
حِزَام,hizaam,kamar,ремень,Kiyim,18
حَقِيبَة,haqiiba,sumka,сумка,Kiyim,18
مِهْنَة,mihna,kasb,профессия,Kasblar,19
طَبِيب,ṭabiib,shifokor,врач,Kasblar,19
مُهَنْدِس,muhandis,muhandis,инженер,Kasblar,19
مُدَرِّس,mudarris,o‘qituvchi,учитель,Kasblar,19
مُبَرْمِج,mubarmij,dasturchi,программист,Kasblar,19
سَائِق,saa’iq,haydovchi,водитель,Kasblar,19
شُرْطِي,shurṭiy,politsiya,полицейский,Kasblar,19
بَائِع,baa’i’,sotuvchi,продавец,Kasblar,19
نَجَّار,najjaar,duradgor,плотник,Kasblar,19
حَدَّاد,haddaad,temirchi,кузнец,Kasblar,19
فَلَّاح,fallaah,dehqon,фермер,Kasblar,19
فَنِّي,fanniy,texnik,техник,Kasblar,19
طَالِب,ṭaalib,talaba,студент,Kasblar,19
مُحَامِي,muhaamii,advokat,юрист,Kasblar,19
صَحَفِي,ṣahafiy,jurnalist,журналист,Kasblar,19
سُؤَال,su’aal,savol,вопрос,So‘zlashuv,20
جَوَاب,jawaab,javob,ответ,So‘zlashuv,20
مُشْكِلَة,mushkila,muammo,проблема,So‘zlashuv,20
حَلّ,hall,yechim,решение,So‘zlashuv,20
فِكْرَة,fikra,g‘oya,идея,So‘zlashuv,20
خِطَّة,khitta,reja,план,So‘zlashuv,20
نَجَاح,najaah,muvaffaqiyat,успех,So‘zlashuv,20
فَشَل,fashal,muvaffaqiyatsizlik,провал,So‘zlashuv,20
تَجْرِبَة,tajriba,tajriba,опыт,So‘zlashuv,20
نَتِيجَة,natiija,natija,результат,So‘zlashuv,20
هَدَف,hadaf,maqsad,цель,So‘zlashuv,20
طَرِيق,tariiq,yo‘l,путь,So‘zlashuv,20
بِدَايَة,bidaaya,boshlanish,начало,So‘zlashuv,20
نِهَايَة,nihaaya,yakun,конец,So‘zlashuv,20
arabic,transliteration,uz,ru,category,lesson_id
وَاحِد,waahid,bir,один,Sonlar,21
اِثْنَان,ithnaan,ikki,два,Sonlar,21
ثَلَاثَة,thalaatha,uch,три,Sonlar,21
أَرْبَعَة,arba'a,to‘rt,четыре,Sonlar,21
خَمْسَة,khamsa,besh,пять,Sonlar,21
سِتَّة,sitta,olti,шесть,Sonlar,21
سَبْعَة,sab'a,yetti,семь,Sonlar,21
ثَمَانِيَة,thamaaniya,sakkiz,восемь,Sonlar,21
تِسْعَة,tis'a,to‘qqiz,девять,Sonlar,21
عَشَرَة,ashara,o‘n,десять,Sonlar,21
أَحَدَ عَشَر,ahada ashar,o‘n bir,одиннадцать,Sonlar,21
اِثْنَا عَشَر,ithnaa ashar,o‘n ikki,двенадцать,Sonlar,21
ثَلَاثَةَ عَشَر,thalaathata ashar,o‘n uch,тринадцать,Sonlar,21
أَرْبَعَةَ عَشَر,arba'ata ashar,o‘n to‘rt,четырнадцать,Sonlar,21
خَمْسَةَ عَشَر,khamsata ashar,o‘n besh,пятнадцать,Sonlar,21
سِتَّةَ عَشَر,sittata ashar,o‘n olti,шестнадцать,Sonlar,21
سَبْعَةَ عَشَر,sab'ata ashar,o‘n yetti,семнадцать,Sonlar,21
ثَمَانِيَةَ عَشَر,thamaaniyata ashar,o‘n sakkiz,восемнадцать,Sonlar,21
تِسْعَةَ عَشَر,tis'ata ashar,o‘n to‘qqiz,девятнадцать,Sonlar,21
عِشْرُون,ishruun,yigirma,двадцать,Sonlar,21
ثَلَاثُون,thalaathuun,o‘ttiz,тридцать,Sonlar,21
أَرْبَعُون,arba'uun,qirq,сорок,Sonlar,21
خَمْسُون,khamsuun,ellik,пятьдесят,Sonlar,21
سِتُّون,sittuun,oltmish,шестьдесят,Sonlar,21
سَبْعُون,sab'uun,yetmish,семьдесят,Sonlar,21
ثَمَانُون,thamaanuun,sakson,восемьдесят,Sonlar,21
تِسْعُون,tis'uun,to‘qson,девяносто,Sonlar,21
مِئَة,mi'a,yuz,сто,Sonlar,21
أَلْف,alf,ming,тысяча,Sonlar,21
أَوَّل,awwal,birinchi,первый,Tartib sonlar,21
ثَانِي,thaani,ikkinchi,второй,Tartib sonlar,21
ثَالِث,thaalith,uchinchi,третий,Tartib sonlar,21
رَابِع,raabi',to‘rtinchi,четвёртый,Tartib sonlar,21
خَامِس,khaamis,beshinchi,пятый,Tartib sonlar,21
سَادِس,saadis,oltinchi,шестой,Tartib sonlar,21
سَابِع,saabi',yettinchi,седьмой,Tartib sonlar,21
ثَامِن,thaamin,sakkizinchi,восьмой,Tartib sonlar,21
تَاسِع,taasi',to‘qqizinchi,девятый,Tartib sonlar,21
عَاشِر,aashir,o‘ninchi,десятый,Tartib sonlar,21
نِصْف,nisf,yarim,половина,Sonlar,21
ثُلُث,thuluth,uchdan bir,треть,Sonlar,21
رُبْع,rub',chorak,четверть,Sonlar,21
زَوْج,zawj,juft,пара,Sonlar,21
عَدَد,adad,son,число,Sonlar,21
زَائِد,zaa'id,ortiqcha,лишний,Sonlar,21
نَاقِص,naaqis,kam,недостаточный,Sonlar,21
مَجْمُوع,majmuu',yig‘indi,сумма,Sonlar,21
سَالِب,saalib,minus,минус,Sonlar,21
مُوجَب,muujab,plyus,плюс,Sonlar,21
رِحْلَة,rihla,safar,поездка,Sayohat,22
فُنْدُق,funduq,mehmonxona,отель,Sayohat,22
حَجْز,hajz,bron,бронь,Sayohat,22
جَوَاز,javaaz,pasport,паспорт,Sayohat,22
تَأْشِيرَة,ta'shiira,viza,виза,Sayohat,22
حَقِيبَة,sanduuq? ,chamadon,чемодан,Sayohat,22
جَمْرُك,jamruk,bojxona,таможня,Sayohat,22
مُسْتَنَد,mustanad,hujjat,документ,Sayohat,22
مَسَار,masaar,marshrut,маршрут,Sayohat,22
خُطُوط,khutuṭ,yo‘nalishlar,линии,Sayohat,22
خَارِج,khaarij,tashqariga,за границу,Sayohat,22
دَاخِل,daakhil,ichkarida,внутри,Sayohat,22
سِيَاحَة,siyaaha,turizm,туризм,Sayohat,22
مَرْشَد,marshad,gid,гид,Sayohat,22
مَتْحَف,mathaf,muzey,музей,Sayohat,22
مَعْلَم,ma'lam,diqqatga sazovor joy,достопримечательность,Sayohat,22
شَاطِئ,shaat'i',sohil,пляж,Sayohat,22
جَزِيرَة,jaziira,orol,остров,Sayohat,22
قَلْعَة,qal'a,qal’a,крепость,Sayohat,22
سُور,suur,devor,стена,Sayohat,22
بَوَّابَة,bawwaaba,darvoza,ворота,Sayohat,22
مَرْكَب,markab,kema,корабль,Sayohat,22
تَجْوَال,tajwaal,sayr,прогулка,Sayohat,22
جَوّ,jaww,iqlim/havo,погода,Sayohat,22
دَلِيل,daliil,qo‘llanma,путеводитель,Sayohat,22
خَرِيطَة,khariita,xarita,карта,Sayohat,22
مَسَافَة,masaafa,masofa,расстояние,Sayohat,22
تَصْوِير,taswiir,suratga olish,фотосъёмка,Sayohat,22
مَنْظَر,manzar,manzara,вид,Sayohat,22
جَمِيع,jamii',hammasi,все,Sayohat,22
بَعْض,ba'd,bir qismi,некоторые,Sayohat,22
خَطِير,khatir,xavfli,опасный,Sayohat,22
آمِن,aamin,xavfsiz,безопасный,Sayohat,22
مَفْتُوح,maftuuh,ochiq,открыто,Sayohat,22
مُغْلَق,mughlaq,yopiq,закрыто,Sayohat,22
مَجَّانًا,majjaanan,bepul,бесплатно,Sayohat,22
غَالِي,ghaali,qimmat,дорогой,Sayohat,22
رَخِيص,rakhiis,arzon,дешёвый,Sayohat,22
تِذْكَار,tidhkaar,sovg‘a,сувенир,Sayohat,22
سُوق هَدَايَا,suuq hadaayaa,sovg‘alar bozori,рынок сувениров,Sayohat,22
حَجّ,hajj,haj,хадж,Sayohat,22
عُمْرَة,umra,umra,умра,Sayohat,22
مَوْسِم,mawsim,mavsum,сезон,Sayohat,22
صَيْف,sayf,yoz,лето,Sayohat,22
شِتَاء,shitaa,qish,зима,Sayohat,22
رَبِيع,rabii',bahor,весна,Sayohat,22
خَرِيف,khariif,kuz,осень,Sayohat,22
مَكَن,makaan,joy,место,Sayohat,22
اِسْتِرْخَاء,istirkhaa,dam olish,отдых,Sayohat,22
مُغَامَرَة,mughaamara,sarguzasht,приключение,Sayohat,22
نُقُود,nuquud,pullar,деньги,Sayohat,22
بَقَّالَة,baqqaala,baqqollik,продуктовый,Savdo,23
جَزَّار,jazzaar,qassob,мясник,Savdo,23
مَخْبَز,makh baz,nonvoyxona,пекарня,Savdo,23
خُضَار,khuḍaar,sabzavotlar,овощи,Savdo,23
فَوَاكِه,fawaakih,mevalar,фрукты,Savdo,23
ثَمَن,thaman,narx,цена,Savdo,23
مِيزَان,miizaan,tarozi,весы,Savdo,23
كِيلُو,kiilu,kilogramm,килограмм,Savdo,23
لِتْر,litr,litr,литр,Savdo,23
رَطْل,ratl,funt,фунт,Savdo,23
تَخْفِيض,takhfiid,chegirma,скидка,Savdo,23
عَرْض,ard,taklif,предложение,Savdo,23
سِلْعَة,sil'a,tovar,товар,Savdo,23
جَوْدَة,jawda,sifat,качество,Savdo,23
نَوْع,naw',tur,вид,Savdo,23
مَقَاس,maqaas,o‘lcham,размер,Savdo,23
لَوْن,lawn,rang,цвет,Savdo,23
مَدْفُوع, madfuu',to‘langan,оплачено,Savdo,23
غَيْر مَدْفُوع,ghayr madfuu',to‘lanmagan,не оплачено,Savdo,23
إِيصَال,iisaal,chek,чек,Savdo,23
فَاتُورَة,fatuura,hisob,счёт,Savdo,23
مَصْرَف,masraf,xarajat,расход,Savdo,23
دَخْل,dakhl,kirim,доход,Savdo,23
رِبْح,ribh,foyda,прибыль,Savdo,23
مَخْزَن,makhzan,ombor,склад,Savdo,23
بِضَاعَة,bidaa'a,zaxira,tovar,Savdo,23
طَلَبِيَّة,talabiyya,zakaz,заказ,Savdo,23
تَسْلِيم,tasliim,yetkazish,доставка,Savdo,23
عُنْوَان,unwaan,manzil,адрес,Savdo,23
زَبُون,zabuun,mijoz,клиент,Savdo,23
مُشْتَرِي,mushtari,xaridor,покупатель,Savdo,23
بَائِع,baa'i',sotuvchi,продавец,Savdo,23
نَقْدًا,naqdan,naqd,наличными,Savdo,23
بِالْبِطَاقَة,bil-bitaaqa,karta bilan,картой,Savdo,23
تَقْسِيط,taqsiit,bo‘lib to‘lash,рассрочка,Savdo,23
مُقَايَضَة,muqaayaḍa,barter,бартер,Savdo,23
غِش,ghish,aldov,обман,Savdo,23
مُزَيَّف,muzayyaf,soxta,поддельный,Savdo,23
أَصْلِي,asliy,asl,оригинальный,Savdo,23
ضَمَان,ḍamaan,kafolat,гарантия,Savdo,23
إِرْجَاع,irjaa',qaytarish,возврат,Savdo,23
تَبْدِيل,tabdiil,almashtirish,обмен,Savdo,23
خَدْمَة,khidma,xizmat,услуга,Savdo,23
مَتْجَر,matjar,do‘kon,магазин,Savdo,23
مَرْكَز تِجَارِي,markaz tijaari,savdo markazi,торговый центр,Savdo,23
رُكْن,rukn,bo‘lim,отдел,Savdo,23
رَفّ,raff,polka,полка,Savdo,23
عَلَامَة,alaama,belgi,метка,Savdo,23
سِعْر مُنَاسِب,si'r munaasib,mos narx,приемлемая цена,Savdo,23
قِطَاع,qitaa',sektor,сектор,Savdo,23
مَجَال,majaal,soha,сфера,Savdo,23
صَدِيق,sadiiq,do‘st,друг,Munosabat,24
صَدِيقَة,sadiiqah,dugona,подруга,Munosabat,24
جَار,jaar,qo‘shni,сосед,Munosabat,24
جَارَة,jaarah,qo‘shni ayol,соседка,Munosabat,24
قَرِيب,qariib,qarindosh,родственник,Munosabat,24
عَائِلَة,aa'ila,oila,семья,Munosabat,24
زَوْج,zawj,er,муж,Munosabat,24
زَوْجَة,zawja,ayol,жена,Munosabat,24
اِبْن,ibn,o‘g‘il,сын,Munosabat,24
اِبْنَة,ibna,qiz,дочь,Munosabat,24
حَفِيد,hafiid,nevara,внук,Munosabat,24
حَفِيدَة,hafiida,nevara qiz,внучка,Munosabat,24
عَمّ,amm,amakı,дядя,Munosabat,24
عَمَّة,ammah,amma,тётя,Munosabat,24
خَال,khaal,tog‘a,дядя по матери,Munosabat,24
خَالَة,khaalah,xola,тётя по матери,Munosabat,24
زَمِيل,zamiil,hamkasb,коллега,Munosabat,24
زَمِيلَة,zamiilah,hamkasb ayol,коллега,Munosabat,24
مُدِير,mudiir,rahbar,руководитель,Munosabat,24
مُدِيرَة,mudiirah,rahbar ayol,руководитель,Munosabat,24
مُعَلِّم,muallim,o‘qituvchi,учитель,Munosabat,24
مُعَلِّمَة,muallimah,o‘qituvchi ayol,учительница,Munosabat,24
طَبِيب,tabiib,shifokor,врач,Munosabat,24
مُمَرِّضَة,mumarridah,hamshira,медсестра,Munosabat,24
شُرْطِي,shurṭiy,politsiya,полицейский,Munosabat,24
إِطْفَائِي,itfaa'iy,o‘t o‘chiruvchi,пожарный,Munosabat,24
سَاعِد,saa'id,yordamchi,помощник,Munosabat,24
رَئِيس,ra'iis,boshliq,начальник,Munosabat,24
عَضْو,udw,a’zo,член,Munosabat,24
فَرِيق,farii q,jamoa,команда,Munosabat,24
مَجْمُوعَة,majmuu'ah,guruh,группа,Munosabat,24
عَلَاقَة,alaaqa,aloqa,отношение,Munosabat,24
صِلَة,sila,bog‘liqlik,связь,Munosabat,24
مَحَبَّة,mahabba,muhabbat,любовь,Munosabat,24
اِحْتِرَام,ihtiraam,hurmat,уважение,Munosabat,24
ثِقَة,thiqah,ishonch,доверие,Munosabat,24
صِدْق,sidq,rostlik,честность,Munosabat,24
كَذِب,kadhib,yolg‘on,ложь,Munosabat,24
خِلَاف,khilaaf,janjal,конфликт,Munosabat,24
مُشَاجَرَة,mushaajara,urish,ссора,Munosabat,24
مُصَالَحَة,musaalaha,yarashish,примирение,Munosabat,24
وَعْد,wa'd,va’da,обещание,Munosabat,24
مُسَاعَدَة,musaa'ada,yordam,помощь,Munosabat,24
نَصِيحَة,nasiihah,maslahat,совет,Munosabat,24
شُكْر,shukr,shukr,благодарность,Munosabat,24
هَدِيَّة,hadiyya,sovg‘a,подарок,Munosabat,24
اِحْتِفَال,ihtifaal,bayram,праздник,Munosabat,24
دَعْوَة,da'wa,taklifnoma,приглашение,Munosabat,24
زِيَارَة,ziyaara,tashrif,визит,Munosabat,24
مُقَابَلَة,muqaabala,uchrashuv,встреча,Munosabat,24
مُكَالَمَة,mukaalama,telefonlashuv,звонок,Munosabat,24
رِسَالَة,risaala,xat,письмо,Munosabat,24
مَشَاعِر,mashaa'ir,hissiyotlar,чувства,Munosabat,24
فَرَح,farah,xursandchilik,радость,Hissiyot,25
حُزْن,huzn,g‘am,грусть,Hissiyot,25
غَضَب,ghadab,jahldorlik,гнев,Hissiyot,25
خَوْف,khawf,qo‘rquv,страх,Hissiyot,25
دَهْشَة,dahsha,hayrat,удивление,Hissiyot,25
أَمَل,amal,umid,надежда,Hissiyot,25
يَأْس,ya's,umidsizlik,отчаяние,Hissiyot,25
رَاحَة,raaha,rohat,комфорт,Hissiyot,25
تَوَتُّر,tawattur,stress,стресс,Hissiyot,25
قَلَق,qalaq,tashvish,тревога,Hissiyot,25
سَعَادَة,sa'aada,baxt,счастье,Hissiyot,25
ضِحْك,dihk,kulgi,смех,Hissiyot,25
بُكَاء,bukaa,yig‘i,плач,Hissiyot,25
اِبْتِسَامَة,ibtisaama,tabassum,улыбка,Hissiyot,25
صَبْر,sabr,sabr,терпение,Hissiyot,25
غَيْرَة,ghayra,hasad,ревность,Hissiyot,25
كَسَل,kasal,erinchoqlik,лень,Hissiyot,25
نَشَاط,nashaat,faollik,активность,Hissiyot,25
حَمَاس,hamaas,shijoat,энтузиазм,Hissiyot,25
طُمَأْنِينَة,tumaniina,xotirjamlik,спокойствие,Hissiyot,25
تَعَاوُن,ta'aawun,hamkorlik,сотрудничество,Hissiyot,25
مُشَارَكَة,mushaaraka,ishtirok,участие,Hissiyot,25
اِهْتِمَام,ihtimaam,e’tibor,внимание,Hissiyot,25
إِعْجَاب,i'jaab,yoqish,симпатия,Hissiyot,25
كَرَاهِيَة,karaahiya,nafrat,ненависть,Hissiyot,25
تَفَاؤُل,tafaa'ul,optimizm,оптимизм,Hissiyot,25
تَشَاؤُم,tashaa'um,pessimizm,пессимизм,Hissiyot,25
إِلْهَام,ilhaam,ilhom,вдохновение,Hissiyot,25
ثِقَة بِالنَّفْس,thiqah bin-nafs,o‘ziga ishonch,уверенность,Hissiyot,25
خَجَل,khajal,uyat,стыд,Hissiyot,25
فَخْر,fakhr,faxr,гордость,Hissiyot,25
إِحْبَاط,ihbaat,ko‘ngli qolish,разочарование,Hissiyot,25
رِضَا,rida,qoniqish,удовлетворение,Hissiyot,25
نَدَم,nadam,afsus,сожаление,Hissiyot,25
اِشْتِيَاق,ishtiyaaq,sog‘inch,тоска,Hissiyot,25
تَحَدِّي,tahaddi,sinov,вызов,Hissiyot,25
حُلْم,hulm,orzu,мечта,Hissiyot,25
هَمّ,hamm,g‘am-tashvish,забота,Hissiyot,25
حَفْلَة,hafla,kecha tadbiri,вечеринка,Hissiyot,25
مُفَاجَأَة,mufaaja'a,sovg‘a/surpriz,сюрприз,Hissiyot,25
مُكافَأَة,mukaafa'a,mukofot,награда,Hissiyot,25
خِسَارَة,khisaara,yo‘qotish,потеря,Hissiyot,25
مَكْسَب,maksab,yutuq,выигрыш,Hissiyot,25
فَوْز,fawz,g‘alaba,победа,Hissiyot,25
هَزِيمَة,haziima,mag‘lubiyat,поражение,Hissiyot,25
قُوَّة,quwwa,kuch,сила,Hissiyot,25
ضَعْف,da'f,zaiflik,слабость,Hissiyot,25
حَاسُوب,haasuub,kompyuter,компьютер,Texnologiya,26
مِعَالِج,mu'aalij,protsessor,процессор,Texnologiya,26
ذَاكِرَة,dhaakira,xotira,память,Texnologiya,26
قُرْص,qurs,disk,диск,Texnologiya,26
قُرْص صُلْب,qurs sulb,qattiq disk,жёсткий диск,Texnologiya,26
قُرْص SSD,qurs ssd,ssd,ssd,Texnologiya,26
لَوْحَة أُم,lawhat um,ona plata,материнская плата,Texnologiya,26
بِطَاقَة رَسُوم,bitaaqat رسوم,videokarta,видеокарта,Texnologiya,26
بَطَّارِيَة,battaariya,batareya,батарея,Texnologiya,26
شَاحِن,shaahin,zaryadlovchi,зарядка,Texnologiya,26
سِلْك,silk,kabel,кабель,Texnologiya,26
مِنْفَذ,manfadh,port,порт,Texnologiya,26
سَمَّاعَة,sammaa'a,naushnik,наушники,Texnologiya,26
مِيكْرُوفُون,miikruufuun,mikrofon,микрофон,Texnologiya,26
كَمِيرَا,kamiiraa,kamera,камера,Texnologiya,26
مُكَبِّر صَوْت,mukabbir sawt,karnay,динамик,Texnologiya,26
طَابِعَة,taabi'a,printer,принтер,Texnologiya,26
مَاسِح ضَوْئِي,maasih daw'i,skaner,сканер,Texnologiya,26
نِظَام تَشْغِيل,nizaam tashghiil,operatsion tizim,операционная система,Texnologiya,26
وِينْدُوز,windows,windows,windows,Texnologiya,26
لِينُكْس,linux,linux,linux,Texnologiya,26
أَنْدْرُوِيد,android,android,android,Texnologiya,26
آي أُو إِس,ios,ios,ios,Texnologiya,26
تَطْبِيق,tatbiq,ilova,приложение,Texnologiya,26
بَرْنَامَج,barnaamaj,dastur,программа,Texnologiya,26
تَثْبِيت,tathbiit,o‘rnatish,установка,Texnologiya,26
تَشْغِيل,tashghiil,ishga tushirish,запуск,Texnologiya,26
إِعَادَة تَشْغِيل,i'aadat tashghiil,qayta yuklash,перезагрузка,Texnologiya,26
تَحْمِيل,tahmiil,yuklab olish,скачать,Texnologiya,26
رَفْع,raf',yuklash,загрузить,Texnologiya,26
تَنْزِيل,tanziil,yuklab tushirish,скачивание,Texnologiya,26
مُلَفّات,mulafaat,fayllar,файлы,Texnologiya,26
مُجَلَّد,mujallad,papka,папка,Texnologiya,26
اِتِّصَال,ittisaal,ulanish,соединение,Texnologiya,26
إِشَارَة,ishaara,signal,сигнал,Texnologiya,26
مُوَجِّه,muwajjih,router,роутер,Texnologiya,26
مَوْدِم,modim,modem,модем,Texnologiya,26
مُتَصَفِّح,mutasaffih,brauzer,браузер,Texnologiya,26
مَوْقِع,mawqi',sayt,сайт,Texnologiya,26
صَفْحَة,safha,sahifa,страница,Texnologiya,26
حِسَاب,hisaab,akkaunt,аккаунт,Texnologiya,26
تَسْجِيل,tasjiil,registratsiya,регистрация,Texnologiya,26
تَسْجِيل دُخُول,tasjiil dukhuul,login,вход,Texnologiya,26
تَسْجِيل خُرُوج,tasjiil khuruuj,logout,выход,Texnologiya,26
كَلِمَة سِر,kalimat sir,parol,пароль,Texnologiya,26
رَمْز,ramz,kod,код,Texnologiya,26
تَشْفِير,tashfiir,shifrlash,шифрование,Texnologiya,26
أَمَان,amaan,xavfsizlik,безопасность,Texnologiya,26
اِخْتِرَاق,ikhtiraaq,buzib kirish,взлом,Texnologiya,26
فَيْرُوس,fayruus,virus,вирус,Texnologiya,26
مُكَافِح فَيْرُوس,mukaafih fayruus,antivirus,антивирус,Texnologiya,26
نُسْخَة اِحْتِيَاطِيَّة,nuskhah ihtiyaatiyya,zaxira nusxa,резервная копия,Texnologiya,26
بِرْمَجَة,barmaja,dasturlash,программирование,Texnologiya,26
شِيفْرَة,shiifra,kod,код,Texnologiya,26
خَوَارِزْمِيَّة,khawaarizmiya,algoritm,алгоритм,Texnologiya,26
قَاعِدَة بَيَانَات,qaa'idat bayanaat,ma’lumotlar bazasi,база данных,Texnologiya,26
خَادِم,khaadim,server,сервер,Texnologiya,26
سَحَابَة,sahaaba,bulut,облако,Texnologiya,26
فَرِيق,farii q,jamoa,команда,Biznes,27
شَرِيك,shariik,sherik,партнёр,Biznes,27
شَرَاكَة,sharaaka,hamkorlik,партнёрство,Biznes,27
عَمِيل,amiil,mijoz,клиент,Biznes,27
مُنْتَج,muntaj,mahsulot,продукт,Biznes,27
خِدْمَة,khidma,xizmat,услуга,Biznes,27
سُوق,suuq,bozor,рынок,Biznes,27
مُنَافِس,munaafis,raqib,конкурент,Biznes,27
تَسْوِيق,taswiiq,marketing,маркетинг,Biznes,27
إِعْلَان,i'laan,reklama,реклама,Biznes,27
عَائِد,aa'id,daromad,доход,Biznes,27
نَفَقَة,nafaqa,xarajat,расход,Biznes,27
أَرْبَاح,arbaah,foydalar,прибыли,Biznes,27
مِيزَانِيَّة,miizaaniyya,budjet,бюджет,Biznes,27
خُطَّة,khutta,reja,план,Biznes,27
هَدَف,hadaf,maqsad,цель,Biznes,27
اِسْتِرَاتِيجِيَّة,istraatiijiyya,strategiya,стратегия,Biznes,27
تَحْلِيل,tahliil,tahlil,анализ,Biznes,27
تَقْرِير,taqriir,hisobot,отчёт,Biznes,27
اِجْتِمَاع,ijtimaa',yig‘ilish,встреча,Biznes,27
عَقْد,aqd,shartnoma,договор,Biznes,27
مُفَاوَضَات,mufaawadaat,muzokara,переговоры,Biznes,27
مَوْعِد,maw'id,deadline,срок,Biznes,27
مَهَمَّة,muhimma,vazifa,задача,Biznes,27
مَسْؤُولِيَّة,mas'uliyya,mas’uliyat,ответственность,Biznes,27
إِدَارَة,idaara,boshqaruv,управление,Biznes,27
قَائِد,qaa'id,lider,лидер,Biznes,27
مُدِير,mudiir,menejer,менеджер,Biznes,27
مُوَظَّف,muwazzaf,xodim,сотрудник,Biznes,27
مُرَشَّح,murashshah,nomzod,кандидат,Biznes,27
تَوْظِيف,tawziif,ishga olish,найм,Biznes,27
مُقَابَلَة,muqaabala,intervyu,собеседование,Biznes,27
سِيرَة ذَاتِيَّة,siira dhaatiyya,CV,резюме,Biznes,27
مُكَافَأَة,mukaafa'a,mukofot,награда,Biznes,27
عُلَاوَة,ulaawa,bonus,бонус,Biznes,27
رَاتِب,raatib,oylik,зарплата,Biznes,27
تَرْقِيَة,tarqiya,lavozim oshishi,повышение,Biznes,27
اِسْتِقَالَة,istiqala,ishdan ketish,увольнение,Biznes,27
شِكَايَة,shikaaya,shikoyat,жалоба,Biznes,27
تَقْيِيم,taqyiim,baholash,оценка,Biznes,27
جَوْدَة,jawda,sifat,качество,Biznes,27
مَعْيَار,ma'yaar,standart,стандарт,Biznes,27
عَمَلِيَّة,amaliyya,jarayon,процесс,Biznes,27
إِنْتَاج,intaa j,ishlab chiqarish,производство,Biznes,27
تَوْزِيع,tawzii',taqsimot,распределение,Biznes,27
مُخْتَصَر,mukhtasar,qisqa,краткий,Biznes,27
مُفَصَّل,mufassal,batafsil,подробный,Biznes,27
مَدْرَسَة,madrasa,maktab,школа,Ta’lim,28
صَف,saff,sinf,класс,Ta’lim,28
دَرْس,dars,dars,урок,Ta’lim,28
وَاجِب,wajib,uy vazifa,домашка,Ta’lim,28
اِمْتِحَان,imtihaan,imtihon,экзамен,Ta’lim,28
نَتِيجَة,natiija,natija,результат,Ta’lim,28
نُقْطَة,nuqta,baho,оценка,Ta’lim,28
مُلَخَّص,mulakhkhas,konspekt,конспект,Ta’lim,28
مَذْكَرَة,madhkara,eslatma,заметка,Ta’lim,28
مُحَاضَرَة,muhaadara,ma’ruza,лекция,Ta’lim,28
مِقْرَر,miqarrar,fan,предмет,Ta’lim,28
رِيَاضِيَّات,riyaadiyyaat,matematika,математика,Ta’lim,28
فِيزْيَاء,fiizyaa,fizika,физика,Ta’lim,28
كِيمْيَاء,kiimyaa,kimyo,химия,Ta’lim,28
أَحْيَاء,ahyaa,biologiya,биология,Ta’lim,28
تَارِيخ,taariikh,tarix,история,Ta’lim,28
جُغْرَافِيَا,jughraafiyaa,geografiya,география,Ta’lim,28
لُغَة,lugha,til,язык,Ta’lim,28
قَوَاعِد,qawaa'id,grammatika,грамматика,Ta’lim,28
مُفْرَدَات,mufradaat,lug‘at,словарь,Ta’lim,28
قِرَاءَة,qiraa'a,o‘qish,чтение,Ta’lim,28
كِتَابَة,kitaaba,yozish,письмо,Ta’lim,28
اِسْتِمَاع,istimaa',tinglash,аудирование,Ta’lim,28
مُحَادَثَة,muhaadatha,suhbat,разговор,Ta’lim,28
شَرْح,sharh,tushuntirish,объяснение,Ta’lim,28
مِثَال,mithaal,misol,пример,Ta’lim,28
سُؤَال,su'aal,savol,вопрос,Ta’lim,28
جَوَاب,jawaab,javob,ответ,Ta’lim,28
مَرْجِع,marji',manba,источник,Ta’lim,28
مَكْتَبَة,maktaba,kutubxona,библиотека,Ta’lim,28
دَفْتَر,daftar,daftar,тетрадь,Ta’lim,28
قَلَم,qalam,ruchka,ручка,Ta’lim,28
مِمْحَاة,mimhaa,o‘chirg‘ich,ластик,Ta’lim,28
مِسْطَرَة,mistara,chizg‘ich,линейка,Ta’lim,28
حَقِيبَة,hakiiba,sumka,рюкзак,Ta’lim,28
سَاعَة,saa'a,soat,час,Ta’lim,28
جَدْوَل,jadwal,jadval,расписание,Ta’lim,28
حُضُور,huduur,qatnashish,посещение,Ta’lim,28
غِيَاب,ghiyaab,kelmaslik,отсутствие,Ta’lim,28
نَجَاح,najaah,muvaffaqiyat,успех,Ta’lim,28
رُسُوب,rusuub,yiqilish,провал,Ta’lim,28
تَخَرُّج,takharruj,bitirish,выпуск,Ta’lim,28
شَهَادَة,shahaada,diplom/sertifikat,сертификат,Ta’lim,28
تَدْرِيب,tadriib,praktika,практика,Ta’lim,28
بَحْث,bahth,tadqiqot,исследование,Ta’lim,28
مَشْرُوع,mashruu',loyiha,проект,Ta’lim,28
مُسَابَقَة,musaabaqa,tanlov,конкурс,Ta’lim,28
فِكْرَة,fikra,g‘oya,идея,Ta’lim,28
مُعَلِّم,muallim,o‘qituvchi,учитель,Ta’lim,28
طَالِب,taalib,talaba,студент,Ta’lim,28
صِحَّة,sihha,sog‘liq,здоровье,Sog‘liq,29
مَرَض,marad,kasallik,болезнь,Sog‘liq,29
عَرَض,arad,belgi (simptom),симптом,Sog‘liq,29
حُمَّى,humma,isitma,жар,Sog‘liq,29
صُدَاع,sudaa',bosh og‘riq,головная боль,Sog‘liq,29
أَلَم بَطْن,alam batn,qorin og‘riq,боль в животе,Sog‘liq,29
غَثَيَان,ghathayaan,ko‘ngil aynishi,тошнота,Sog‘liq,29
قَيْء,qay',qusish,рвота,Sog‘liq,29
إِسْهَال,ishaal,ich ketish,диарея,Sog‘liq,29
إِمْسَاك,imsaak,qabziyat,запор,Sog‘liq,29
سُعَال,su'aal,yo‘tal,кашель,Sog‘liq,29
زُكَام,zukaam,shamollash,простуда,Sog‘liq,29
اِلْتِهَاب,iltihaab,yallig‘lanish,воспаление,Sog‘liq,29
جُرْح,jurh,yara,рана,Sog‘liq,29
كَسْر,kasr,sinish,перелом,Sog‘liq,29
حَرْق,harq,kuyish,ожог,Sog‘liq,29
حَسَاسِيَّة,hasaasiya,allergiya,аллергия,Sog‘liq,29
ضَغْط,daght,bosim,давление,Sog‘liq,29
سُكَّر, sukkar,qand,сахар,Sog‘liq,29
قَلْب,qalb,yurak,сердце,Sog‘liq,29
رِئَة,ri'a,o‘pka,лёгкие,Sog‘liq,29
كِلْيَة,kilya,buyrak,почка,Sog‘liq,29
مَعِدَة,ma'ida,oshqozon,желудок,Sog‘liq,29
كَبِد,kabid,jigar,печень,Sog‘liq,29
دَم,dam,qon,кровь,Sog‘liq,29
حُقْنَة,huqna,ukol,укол,Sog‘liq,29
دَوَاء,dawaa,dori,лекарство,Sog‘liq,29
حُبُوب,hubuub,tabletka,таблетки,Sog‘liq,29
شَرَاب,sharaab,sirop,сироп,Sog‘liq,29
مَرْهَم,marham,maz,мазь,Sog‘liq,29
ضِمَاد,dimaad,bint,бинт,Sog‘liq,29
لِقَاح,liqah,emlash,вакцина,Sog‘liq,29
فَحْص,fahs,tekshiruv,осмотр,Sog‘liq,29
تَحْلِيل,tahliil,analiz,анализ,Sog‘liq,29
أَشِعَّة,ashi'a,rentgen,рентген,Sog‘liq,29
مَوْعِد,maw'id,navbat vaqti,приём,Sog‘liq,29
طَوَارِئ,tawaari',tez yordam,неотложка,Sog‘liq,29
إِسْعَاف,is'aaf,tez yordam,скорая,Sog‘liq,29
عِلَاج,ilaaj,davolash,лечение,Sog‘liq,29
جِرَاحَة,jiraaha,operatsiya,операция,Sog‘liq,29
شِفَاء,shifaa,shifo,выздоровление,Sog‘liq,29
تَعَب,ta'ab,charchoq,усталость,Sog‘liq,29
نَوْم,nawm,uyqu,сон,Sog‘liq,29
رِيَاضَة,riyaada,sport,спорт,Sog‘liq,29
تَمْرِين,tamriin,mashq,упражнение,Sog‘liq,29
غِذَاء,ghidhaa,ovqatlanish,питание,Sog‘liq,29
مَاء,maa,suv,вода,Sog‘liq,29
طَبِيب,tabiib,shifokor,врач,Sog‘liq,29
مُمَرِّض,mumarrid,hamshira,медбрат,Sog‘liq,29
صَيْدَلِيَّة,saydaliyya,apteka,аптека,Sog‘liq,29
مُسْتَشْفَى,mustashfaa,kasalxona,больница,Sog‘liq,29
اِسْم,ism,ism,имя,So‘zlashuv,30
سِنّ,sinn,yosh,возраст,So‘zlashuv,30
مَدِينَة,madiina,shahar,город,So‘zlashuv,30
بَلَد,balad,mamlakat,страна,So‘zlashuv,30
جِنْسِيَّة,jinsiyya,fuqarolik,гражданство,So‘zlashuv,30
لِسَان,lisaan,til,язык,So‘zlashuv,30
مَعْلُومَات,ma'luumaat,ma’lumot,информация,So‘zlashuv,30
مَسْأَلَة,mas'ala,masala,вопрос,So‘zlashuv,30
حَال,haal,holat,состояние,So‘zlashuv,30
مُهِم,muhimm,muhim,важно,So‘zlashuv,30
عَاجِل,aajil,shoshilinch,срочно,So‘zlashuv,30
سَهْل,sahl,oson,легко,So‘zlashuv,30
صَعْب,sa'b,qiyin,трудно,So‘zlashuv,30
مُمْكِن,mumkin,mumkin,возможно,So‘zlashuv,30
مُسْتَحِيل,mustahiil,mumkin emas,невозможно,So‘zlashuv,30
حَقِيقِي,haqiiqiy,haqiqiy,реальный,So‘zlashuv,30
مُؤَكَّد,mu'akkad,aniq,точно,So‘zlashuv,30
رُبَّمَا,rubbamaa,balki,может быть,So‘zlashuv,30
بِالطَّبْع,bittab',albatta,конечно,So‘zlashuv,30
حَسَنًا,hasanan,xo‘p,ладно,So‘zlashuv,30
حَاضِر,haadir,xo‘p bo‘ladi,хорошо,So‘zlashuv,30
اِتَّفَقْنَا,ittafaqnaa,kelishdik,договорились,So‘zlashuv,30
فَهِمْت,fahimt,tushundim,понял,So‘zlashuv,30
لَمْ أَفْهَم,lam afham,tushunmadim,не понял,So‘zlashuv,30
أَعِد, a'id,qaytar,повтори,So‘zlashuv,30
أَعِدْ مَرَّة أُخْرَى,a'id marra ukhraa,yana takrorla,повтори ещё раз,So‘zlashuv,30
تَكَلَّمْ بِبُطْء,takallam bibut',sekin gapir,говори медленно,So‘zlashuv,30
تَكَلَّمْ بِسُرْعَة,takallam bisur'a,tez gapir,говори быстро,So‘zlashuv,30
مَا اسْمُكَ,ma ismuka,isming nima,как тебя зовут,So‘zlashuv,30
مَا اسْمُكِ,ma ismuki,isming nima,как тебя зовут,So‘zlashuv,30
كَمْ عُمْرُكَ,kam umruka,yoshing nechida,сколько тебе лет,So‘zlashuv,30
مِنْ أَيْنَ أَنْتَ,min ayna anta,qayerdansan,откуда ты,So‘zlashuv,30
أَيْنَ تَسْكُن,ayna taskun,qayerda yashaysan,где ты живёшь,So‘zlashuv,30
مَاذَا تَعْمَل,maadhaa ta'mal,nima ish qilasan,чем занимаешься,So‘zlashuv,30
مَتَى, mataa,qachon,когда,So‘zlashuv,30
أَيْن,ayn,qayerda,где,So‘zlashuv,30
لِمَاذَا,limaadhaa,nima uchun,почему,So‘zlashuv,30
كَيْف, kayf,qanday,как,So‘zlashuv,30
كَمْ,kam,nechta,сколько,So‘zlashuv,30
نَعَم,na'am,ha,да,So‘zlashuv,30
لَا,la,yo‘q,нет,So‘zlashuv,30
مُمْتَاز,mumtaaz,a’lo,отлично,So‘zlashuv,30
جَيِّد,jayyid,yaxshi,хорошо,So‘zlashuv,30
سَيِّئ,sayyi',yomon,плохо,So‘zlashuv,30
صَحِيح,sahiih,to‘g‘ri,правильно,So‘zlashuv,30
خَطَأ,khata',xato,ошибка,So‘zlashuv,30
مَسَاءُ الْخَيْر,masaa ulkhayr,xayrli kech,добрый вечер,So‘zlashuv,30
صَبَاحُ الْخَيْر,sabaah ulkhayr,xayrli tong,доброе утро,So‘zlashuv,30
لَيْلَة سَعِيدَة,layla sa'iida,hayrli tun,спокойной ночи,So‘zlashuv,30
إِلَى اللِّقَاءِ,ila alliqa',xayr,до свидания,So‘zlashuv,30
شُكْرًا,shukran,rahmat,спасибо,So‘zlashuv,30
عَفْوًا,afwan,arzimaydi,пожалуйста,So‘zlashuv,30
آسِف,aasif,kechirasiz,извините,So‘zlashuv,30
مِنْ فَضْلِكَ,min fadlika,iltimos,пожалуйста,So‘zlashuv,30
arabic,transliteration,uz,ru,category,lesson_id
مَدِينَة,madiina,shahar,город,Joylar,31
قَرْيَة,qarya,qishloq,деревня,Joylar,31
شَارِع,shaari',ko‘cha,улица,Joylar,31
طَرِيق,tariiq,yo‘l,дорога,Joylar,31
مَنْزِل,manzil,uy,дом,Joylar,31
شُقَّة,shuqqa,kvartira,квартира,Joylar,31
بِنَايَة,binaaya,bino,здание,Joylar,31
طَابِق,taabiq,qavat,этаж,Joylar,31
غُرْفَة,ghurfa,xona,комната,Joylar,31
مَطْبَخ,matbakh,oshxona,кухня,Joylar,31
حَمَّام,hammam,hammom,ванная,Joylar,31
مَكْتَب,maktab,ofis,офис,Joylar,31
مَدْرَسَة,madrasa,maktab,школа,Joylar,31
جَامِعَة,jaami'a,universitet,университет,Joylar,31
مَسْجِد,masjid,masjid,мечеть,Joylar,31
مَكْتَبَة,maktaba,kutubxona,библиотека,Joylar,31
مُسْتَشْفَى,mustashfaa,kasalxona,больница,Joylar,31
صَيْدَلِيَّة,saydaliyya,apteka,аптека,Joylar,31
مَطْعَم,mat'am,restoran,ресторан,Joylar,31
مَقْهًى,maqha,kafe,кафе,Joylar,31
سُوق,suuq,bozor,рынок,Joylar,31
مَتْجَر,matjar,do‘kon,магазин,Joylar,31
مَرْكَز,markaz,markaz,центр,Joylar,31
حَدِيقَة,hadiiqa,bog‘,парк,Joylar,31
مَلْعَب,mal'ab,stadion,стадион,Joylar,31
مَتْحَف,mathaf,muzey,музей,Joylar,31
مَسْرَح,masrah,teatr,театр,Joylar,31
مَطَار,mataar,aeroport,аэропорт,Joylar,31
مِحَطَّة,mihatta,stansiya,станция,Joylar,31
مَوْقِف,mawqif,parkovka,парковка,Joylar,31
جِسْر,jisr,ko‘prik,мост,Joylar,31
نَفَق,nafaq,tunnel,туннель,Joylar,31
بَحْر,bahr,dengiz,море,Tabiat,31
نَهْر,nahr,daryo,река,Tabiat,31
بُحَيْرَة,buhayra,ko‘l,озеро,Tabiat,31
جَبَل,jabal,tog‘,гора,Tabiat,31
وَاد,wadi,vodiy,долина,Tabiat,31
صَحْرَاء,sahraa,cho‘l,пустыня,Tabiat,31
غَابَة,ghaaba,o‘rmon,лес,Tabiat,31
شَجَرَة,shajara,daraxt,дерево,Tabiat,31
وَرْدَة,warda,gul,цветок,Tabiat,31
عُشْب,ushb,o‘t,трава,Tabiat,31
سَمَاء,samaa,osmon,небо,Tabiat,31
شَمْس,shams,quyosh,солнце,Tabiat,31
قَمَر,qamar,oy,луна,Tabiat,31
نَجْم,najm,yulduz,звезда,Tabiat,31
سَحَاب,sahaab,bulut,облако,Tabiat,31
مَطَر,matar,yomg‘ir,дождь,Tabiat,31
رِيح,riih,shamol,ветер,Tabiat,31
ثَلْج,thalj,qor,снег,Tabiat,31
حَرَارَة,haraara,issiqlik,жара,Tabiat,31
بَرْد,bard,sovuq,холод,Tabiat,31
فَصْل,fasl,mavsum,сезон,Vaqt,31
صَيْف,sayf,yoz,лето,Vaqt,31
شِتَاء,shitaa,qish,зима,Vaqt,31
رَبِيع,rabii',bahor,весна,Vaqt,31
خَرِيف,khariif,kuz,осень,Vaqt,31
سَاعَة,saa'a,soat,час,Vaqt,31
دَقِيقَة,daqiiqa,daqiqa,минута,Vaqt,31
ثَانِيَة,thaaniya,soniya,секунда,Vaqt,31
يَوْم,yawm,kun,день,Vaqt,31
أُسْبُوع,usbu',hafta,неделя,Vaqt,31
شَهْر,shahr,oy,месяц,Vaqt,31
سَنَة,sana,yil,год,Vaqt,31
صَبَاح,sabaah,ertalab,утро,Vaqt,31
ظُهْر,zuhr,tush payti,полдень,Vaqt,31
مَسَاء,masaa,kechqurun,вечер,Vaqt,31
لَيْل,layl,tun,ночь,Vaqt,31
الْيَوْم,al-yawm,bugun,сегодня,Vaqt,31
غَدًا,ghadan,ertaga,завтра,Vaqt,31
أَمْس,ams,kecha,вчера,Vaqt,31
الآن,al-aan,hozir,сейчас,Vaqt,31
قَبْل,qabl,oldin,до,Vaqt,31
بَعْد,ba'd,keyin,после,Vaqt,31
دَائِمًا,daa'iman,doim,всегда,Vaqt,31
أَحْيَانًا,ahyaanan,ba’zan,иногда,Vaqt,31
نَادِرًا,naadiran,kamdan-kam,редко,Vaqt,31
سَرِيعًا,sarii'an,tezda,быстро,Vaqt,31
بِبُطْء,bibut',sekin,медленно,Vaqt,31
رَجُل,rajul,erkak,мужчина,Odamlar,31
اِمْرَأَة,imra'a,ayol,женщина,Odamlar,31
طِفْل,tifl,bola,ребёнок,Odamlar,31
فَتَاة,fataa,qiz,девочка,Odamlar,31
فَتًى,fatan,yigit,oтрок,Odamlar,31
صَدِيق,sadiiq,do‘st,друг,Odamlar,31
صَدِيقَة,sadiiqah,dugona,подруга,Odamlar,31
زَمِيل,zamiil,hamkasb,коллега,Odamlar,31
جَار,jaar,qo‘shni,сосед,Odamlar,31
عَائِلَة,aa'ila,oila,семья,Odamlar,31
أَب,ab,ota,отец,Odamlar,31
أُم,umm,ona,мать,Odamlar,31
أَخ,akh,aka/uka,брат,Odamlar,31
أُخْت,ukht,opa/singil,сестра,Odamlar,31
اِبْن,ibn,o‘g‘il,сын,Odamlar,31
اِبْنَة,ibna,qiz,дочь,Odamlar,31
حَفِيد,hafiid,nevara,внук,Odamlar,31
حَفِيدَة,hafiida,nevara qiz,внучка,Odamlar,31
طَبِيب,tabiib,shifokor,врач,Kasblar,31
مُهَنْدِس,muhandis,muhandis,инженер,Kasblar,31
مُدَرِّس,mudarris,o‘qituvchi,учитель,Kasblar,31
مُبَرْمِج,mubarmij,dasturchi,программист,Kasblar,31
سَائِق,saa'iq,haydovchi,водитель,Kasblar,31
شُرْطِي,shurṭiy,politsiya,полицейский,Kasblar,31
بَائِع,baa'i',sotuvchi,продавец,Kasblar,31
طَبَّاخ,tabbaakh,oshpaz,повар,Kasblar,31
مُحَاسِب,muhaasib,buxgalter,бухгалтер,Kasblar,31
مُصَوِّر,musawwir,fotograf,фотограф,Kasblar,31
مُمْرِض,mumrid,hamshira,медбрат,Kasblar,31
مُتَرْجِم,mutarjim,tarjimon,переводчик,Kasblar,31
تَاجِر,taajir,savdogar,торговец,Kasblar,31
فَلَّاح,fallaah,dehqon,фермер,Kasblar,31
سِعْر,si'r,narx,цена,Savdo,31
نَقْد,naqd,naqd pul,наличные,Savdo,31
بِطَاقَة,bitaaqa,karta,карта,Savdo,31
تَخْفِيض,takhfiid,chegirma,скидка,Savdo,31
فَاتُورَة,fatuura,hisob,счёт,Savdo,31
إِيصَال,iisaal,chek,чек,Savdo,31
طَلَب,talab,buyurtma,заказ,Savdo,31
تَسْلِيم,tasliim,yetkazish,доставка,Savdo,31
مَخْزَن,makhzan,ombor,склад,Savdo,31
جَوْدَة,jawda,sifat,качество,Savdo,31
طَعَام,ta‘aam,ovqat,еда,Oziq-ovqat,31
مَاء,maa,suv,вода,Oziq-ovqat,31
خُبْز,khubz,non,хлеб,Oziq-ovqat,31
أَرُز,aruzz,guruch,рис,Oziq-ovqat,31
لَحْم,lahm,go‘sht,мясо,Oziq-ovqat,31
دَجَاج,dajaaj,tovuq,курица,Oziq-ovqat,31
سَمَك,samak,baliq,рыба,Oziq-ovqat,31
بَيْض,bayḍ,tuxum,яйцо,Oziq-ovqat,31
حَلِيب,haliib,sut,молоко,Oziq-ovqat,31
جُبْن,jubn,pishloq,сыр,Oziq-ovqat,31
زَيْت,zayt,yog‘,масло,Oziq-ovqat,31
سُكَّر,sukkar,shakar,сахар,Oziq-ovqat,31
مِلْح,milh,tuz,соль,Oziq-ovqat,31
شَاي,shaay,choy,чай,Oziq-ovqat,31
قَهْوَة,qahwa,qahva,кофе,Oziq-ovqat,31
عَصِير,asiir,sharbat,сок,Oziq-ovqat,31
تُفَّاح,tuffaah,olma,яблоко,Oziq-ovqat,31
مَوْز,mawz,banan,банан,Oziq-ovqat,31
بُرْتُقَال,burtuqaal,apelsin,апельсин,Oziq-ovqat,31
عِنَب,inab,uzum,виноград,Oziq-ovqat,31
طَمَاطِم,tamaatim,pomidor,помидор,Oziq-ovqat,31
خِيَار,khayaar,bodring,огурец,Oziq-ovqat,31
بَطَاطِس,bataaṭis,kartoshka,картофель,Oziq-ovqat,31
بَصَل,basal,piyoz,лук,Oziq-ovqat,31
ثُوم,thuum,sarimsoq,чеснок,Oziq-ovqat,31
سَكَن, sakan,yashash,проживание,Fe’llar,31
ذَهَبَ,dhahaba,bordi,пошёл,Fe’llar,31
جَاءَ,jaa,keldi,пришёл,Fe’llar,31
جَلَسَ,jalasa,o‘tirdi,сел,Fe’llar,31
وَقَفَ,waqafa,turdi (tik),стоял,Fe’llar,31
نَامَ,naama,uxladi,спал,Fe’llar,31
قَامَ,qaama,turdi,встал,Fe’llar,31
أَكَلَ,akala,yedi,ел,Fe’llar,31
شَرِبَ,shariba,ichdi,пил,Fe’llar,31
قَرَأَ,qara'a,o‘qidi,читал,Fe’llar,31
كَتَبَ,kataba,yozdi,писал,Fe’llar,31
فَهِمَ,fahima,tushundi,понял,Fe’llar,31
نَسِيَ,nasiya,unutdi,забыл,Fe’llar,31
ذَكَرَ,dhakara,esladi,вспомнил,Fe’llar,31
سَأَلَ,sa'ala,so‘radi,спросил,Fe’llar,31
أَجَابَ,ajaaba,javob berdi,ответил,Fe’llar,31
فَتَحَ,fataha,ochdi,открыл,Fe’llar,31
أَغْلَقَ,aghlaka,yopdi,закрыл,Fe’llar,31
بَدَأَ,bada'a,boshladi,начал,Fe’llar,31
اِنْتَهَى,intahaa,tugadi,закончил,Fe’llar,31
عَمِلَ,amila,ishladi,работал,Fe’llar,31
تَعَلَّمَ,ta'allama,o‘rgandi,учился,Fe’llar,31
عَرَفَ,arafa,bildi,узнал,Fe’llar,31
وَجَدَ,wajada,topdi,нашёл,Fe’llar,31
فَقَدَ,faqada,yo‘qotdi,потерял,Fe’llar,31
اِشْتَرَى,ishtaraa,sotib oldi,купил,Fe’llar,31
بَاعَ,baa'a,sotdi,продал,Fe’llar,31
دَفَعَ,dafa'a,to‘ladi,заплатил,Fe’llar,31
أَرْسَلَ,arsala,yubordi,отправил,Fe’llar,31
اِسْتَلَمَ,istalama,qabul qildi,получил,Fe’llar,31
اِتَّصَلَ,ittasala,qo‘ng‘iroq qildi,позвонил,Fe’llar,31
اِسْتَمَعَ,istama'a,tingladi,слушал,Fe’llar,31
تَكَلَّمَ,takallama,gapirdi,говорил,Fe’llar,31
سَاعَدَ,saa'ada,yordam berdi,помог,Fe’llar,31
زَارَ,zaara,tashrif buyurdi,посетил,Fe’llar,31
سَافَرَ,saafara,safar qildi,путешествовал,Fe’llar,31
رَجَعَ,raja'a,qaytdi,вернулся,Fe’llar,31
اِسْتَيْقَظَ,istayqaza,uyg‘ondi,проснулся,Fe’llar,31
اِغْتَسَلَ,ightasala,yuvindi,искупался,Fe’llar,31
لَبِسَ,labisa,kiydi,надел,Fe’llar,31
خَلَعَ,khala'a,yechdi,снял,Fe’llar,31
رَكِبَ,rakiba,mindi,сел (в транспорт),Fe’llar,31
نَزَلَ,nazala,tushdi,вышел,Fe’llar,31
أَحَبَّ,ahabba,yoqtirdi,полюбил,Fe’llar,31
كَرِهَ,kariha,yoqtirmadi,не любил,Fe’llar,31
كَبِير,kabiir,katta,большой,Sifatlar,31
صَغِير,saghiir,kichik,маленький,Sifatlar,31
جَدِيد,jadiid,yangi,новый,Sifatlar,31
قَدِيم,qadiim,eski,старый,Sifatlar,31
جَمِيل,jamiil,chiroyli,красивый,Sifatlar,31
قَبِيح,qabiih,xunuk,некрасивый,Sifatlar,31
سَهْل,sahl,oson,лёгкий,Sifatlar,31
صَعْب,sa'b,qiyin,трудный,Sifatlar,31
سَرِيع,sarii',tez,быстрый,Sifatlar,31
بَطِيء,batii',sekin,медленный,Sifatlar,31
قَرِيب,qariib,yaqin,близкий,Sifatlar,31
بَعِيد,ba'iid,uzoq,далёкий,Sifatlar,31
قَوِي,qawiyy,kuchli,сильный,Sifatlar,31
ضَعِيف,da'iif,zaif,слабый,Sifatlar,31
سَعِيد,sa'iid,baxtli,счастливый,Sifatlar,31
حَزِين,haziin,xafa,грустный,Sifatlar,31
غَالِي,ghaalii,qimmat,дорогой,Sifatlar,31
رَخِيص,rakhiis,arzon,дешёвый,Sifatlar,31
سَاخِن,saakhin,issiq,горячий,Sifatlar,31
بَارِد,baarid,sovuq,холодный,Sifatlar,31
نَظِيف,naziif,toza,чистый,Sifatlar,31
وَسِخ,wasikh,iflos,грязный,Sifatlar,31
مُمْكِن,mumkin,mumkin,возможно,So‘zlashuv,31
مُسْتَحِيل,mustahiil,mumkin emas,невозможно,So‘zlashuv,31
نَعَم,na'am,ha,да,So‘zlashuv,31
لَا,la,yo‘q,нет,So‘zlashuv,31
شُكْرًا,shukran,rahmat,спасибо,So‘zlashuv,31
عَفْوًا,afwan,arzimaydi,пожалуйста,So‘zlashuv,31
مِنْ فَضْلِكَ,min fadlika,iltimos,пожалуйста,So‘zlashuv,31
آسِف,aasif,kechirasiz,извините,So‘zlashuv,31
حَسَنًا,hasanan,xo‘p,ладно,So‘zlashuv,31
فَهِمْت,fahimt,tushundim,понял,So‘zlashuv,31
لَمْ أَفْهَم,lam afham,tushunmadim,не понял,So‘zlashuv,31
أَعِدْ,a'id,qaytar,повтори,So‘zlashuv,31
arabic,transliteration,uz,ru,category,lesson_id
اللَّه,allah,Alloh,Аллах,Qur’on,100
رَبّ,rabb,Parvardigor,Господь,Qur’on,100
رَبُّ الْعَالَمِينَ,rabbul aalamiin,olamlar Parvardigori,Господь миров,Qur’on,100
إِلَه,ilaah,iloh,божество,Qur’on,100
الْحَمْد,al-hamd,hamd,хвала,Qur’on,100
الْحَمْدُ لِلَّه,al-hamdu lillaah,Allohga hamd,хвала Аллаху,Qur’on,100
رَحْمَة,rahma,rahmat,милость,Qur’on,100
رَحْمَان,rahmaan,Rahmon,Милостивый,Qur’on,100
رَحِيم,rahiim,Rahim,Милосердный,Qur’on,100
مَلِك,malik,Podshoh,Владыка,Qur’on,100
يَوْم, yawm,kun,день,Qur’on,100
يَوْمُ الدِّين,yawmud-diin,qiyomat kuni,день суда,Qur’on,100
عِبَادَة,ibaada,ibodat,поклонение,Qur’on,100
نَعْبُد,na'budu,ibodat qilamiz,мы поклоняемся,Qur’on,100
نَسْتَعِين,nasta'iin,yordam so‘raymiz,мы просим помощи,Qur’on,100
صِرَاط,siraat,yo‘l,путь,Qur’on,100
مُسْتَقِيم,mustaqiim,to‘g‘ri,прямой,Qur’on,100
اهْدِنَا,ihdinaa,bizni hidoyat qil,веди нас,Qur’on,100
الَّذِينَ,alladhiina,kimlar,которые,Qur’on,100
أَنْعَمْتَ,an'amta,ne’mat berding,даровал,Qur’on,100
غَضَب,ghadab,g‘azab,гнев,Qur’on,100
ضَلَال,dalaal,adashish,заблуждение,Qur’on,100
كِتَاب,kitaab,kitob,книга,Qur’on,100
قُرْآن,qur'aan,Qur’on,Коран,Qur’on,100
آيَة,aayah,oyat,аят,Qur’on,100
سُورَة,suura,sura,сура,Qur’on,100
حَقّ,haqq,haqiqat,истина,Qur’on,100
بَاطِل,baatil,yolg‘on,ложь,Qur’on,100
نُور,nuur,nur,свет,Qur’on,100
ظُلُمَات,zulumaat,zulmatlar,тьма,Qur’on,100
إِيمَان,iimaan,imon,вера,Qur’on,100
كَفَرَ, kafara,kofir bo‘ldi,отрицал,Qur’on,100
كُفْر,kufr,kufr,неверие,Qur’on,100
مُؤْمِن,mu’min,mo‘min,верующий,Qur’on,100
كَافِر,kaafir,kofir,неверующий,Qur’on,100
نِفَاق,nifaaq,nifoq,лицемерие,Qur’on,100
مُنَافِق,munaafiq,munaﬁq,лицемер,Qur’on,100
جَنَّة,jannah,jannat,рай,Qur’on,100
نَار,naar,do‘zax,ад,Qur’on,100
عَذَاب,adhaab,azob,наказание,Qur’on,100
مَغْفِرَة,maghfira,mag‘firat,прощение,Qur’on,100
تَوْبَة,tawba,tavba,покаяние,Qur’on,100
غَفُور,ghafuur,Kechiruvchi,Прощающий,Qur’on,100
عَلِيم,aliim,Bilimdon,Всезнающий,Qur’on,100
سَمِيع,samii',Eshituvchi,Слышащий,Qur’on,100
بَصِير,basiir,Ko‘ruvchi,Видящий,Qur’on,100
قَدِير,qadiir,Qodir,Всемогущий,Qur’on,100
حَكِيم,hakiim,Hikmatli,Мудрый,Qur’on,100
خَلَقَ,khalaqa,yaratdi,создал,Qur’on,100
خَلْق,khalq,maxluqot,творение,Qur’on,100
سَمَاوَات,samaawaat,osmonlar,небеса,Qur’on,100
أَرْض,ard,yer,земля,Qur’on,100
شَيْء,shay’,narsa,вещь,Qur’on,100
كُلّ,kull,hamma,всё,Qur’on,100
بَعْد,ba'd,keyin,после,Qur’on,100
قَبْل,qabl,oldin,до,Qur’on,100
حَيَاة,hayaah,hayot,жизнь,Qur’on,100
مَوْت,mawt,o‘lim,смерть,Qur’on,100
رِزْق,rizq,rizq,пропитание,Qur’on,100
دُنْيَا,dunyaa,dunyo,мир,Qur’on,100
آخِرَة,aakhirah,oxirat,вечность,Qur’on,100
سَاعَة,saa'ah,qiyomat,час,Qur’on,100
مِيزَان,miizaan,tarozu,весы,Qur’on,100
حِسَاب,hisaab,hisob,отчёт,Qur’on,100
جَزَاء,jazaa',jazo,воздаяние,Qur’on,100
عَمَل,amal,amal,дело,Qur’on,100
صَالِح,saalih,solih,праведный,Qur’on,100
سَيِّئ,sayyi',yomon,плохой,Qur’on,100
أَجْر,ajr,ajr,mukofot,Qur’on,100
صَبْر,sabr,sabr,терпение,Qur’on,100
شُكْر,shukr,shukr,благодарность,Qur’on,100
ذِكْر,dhikr,zikr,поминание,Qur’on,100
دُعَاء,du'aa,duo,мольба,Qur’on,100
قَلْب,qalb,yurak,сердце,Qur’on,100
عَقْل,‘aql,aql,разум,Qur’on,100
نَفْس,nafs,nafs,душа,Qur’on,100
هُدًى,hudan,hidoyat,руководство,Qur’on,100
ضَرَر,darar,zarar,вред,Qur’on,100
نَفْع,naf',foyda,польза,Qur’on,100
arabic,transliteration,uz,ru,category,lesson_id
قَالَ,qaala,dedi,сказал,Qur’on,101
قُلْ,qul,ayt,скажи,Qur’on,101
كَانَ,kaana,bo‘ldi,был,Qur’on,101
يَكُونُ,yakuunu,bo‘ladi,будет,Qur’on,101
جَعَلَ,ja‘ala,qildi,сделал,Qur’on,101
آتَى,aataa,ato etdi,дал,Qur’on,101
أَتَى,ataa,keldi,пришёл,Qur’on,101
ذَهَبَ,dhahaba,bordi,пошёл,Qur’on,101
جَاءَ,jaa’a,keldi,пришёл,Qur’on,101
أَرْسَلَ,arsala,yubordi,послал,Qur’on,101
أَنزَلَ,anzala,nozil qildi,ниспослал,Qur’on,101
نَزَّلَ,nazzala,nozil qildi,ниспослал,Qur’on,101
آمَنَ,aamana,imon keltirdi,уверовал,Qur’on,101
يُؤْمِنُ,yu’minu,imon keltiradi,верует,Qur’on,101
كَفَرَ,kafara,inkor qildi,отверг,Qur’on,101
يَكْفُرُ,yakfuru,kufr keltiradi,отвергает,Qur’on,101
عَلِمَ,‘alima,bildi,знал,Qur’on,101
يَعْلَمُ,ya‘lamu,biladi,знает,Qur’on,101
سَمِعَ,sami‘a,eshitdi,услышал,Qur’on,101
يَسْمَعُ,yasma‘u,eshitadi,слышит,Qur’on,101
رَأَى,ra’aa,ko‘rdi,увидел,Qur’on,101
يَرَى,yaraa,ko‘radi,видит,Qur’on,101
عَبَدَ,‘abada,ibodat qildi,поклонялся,Qur’on,101
يَعْبُدُ,ya‘budu,ibodat qiladi,поклоняется,Qur’on,101
دَعَا,da‘aa,duo qildi,призвал,Qur’on,101
يَدْعُو,yad‘uu,duo qiladi,взывает,Qur’on,101
خَافَ,khaafa,qo‘rqdi,боялся,Qur’on,101
يَخَافُ,yakhaafu,qo‘rqadi,боится,Qur’on,101
رَجَا,rajaa,umid qildi,надеялся,Qur’on,101
يَرْجُو,yarjuu,umid qiladi,надеется,Qur’on,101
أَحَبَّ,ahabba,sevdI,полюбил,Qur’on,101
يُحِبُّ,yuhibbu,sevadi,любит,Qur’on,101
كَرِهَ,kariha,yomon ko‘rdi,ненавидел,Qur’on,101
يَكْرَهُ,yakrahu,yomon ko‘radi,ненавидит,Qur’on,101
صَبَرَ,sabara,sabr qildi,терпел,Qur’on,101
يَصْبِرُ,yasbiru,sabr qiladi,терпит,Qur’on,101
شَكَرَ,shakara,shukr qildi,благодарил,Qur’on,101
يَشْكُرُ,yashkuru,shukr qiladi,благодарит,Qur’on,101
تَابَ,taaba,tavba qildi,покаялся,Qur’on,101
يَتُوبُ,yatuubu,tavba qiladi,кается,Qur’on,101
غَفَرَ,ghafara,kechirdi,простил,Qur’on,101
يَغْفِرُ,yaghfiru,kechiradi,прощает,Qur’on,101
نَصَرَ,nasara,yordam berdi,помог,Qur’on,101
يَنْصُرُ,yansuru,yordam beradi,помогает,Qur’on,101
خَلَقَ,khalaqa,yaratdi,создал,Qur’on,101
يَخْلُقُ,yakhluqu,yaratadi,создаёт,Qur’on,101
رَزَقَ,razaqa,rizq berdi,наделил,Qur’on,101
يَرْزُقُ,yarzuqu,rizq beradi,наделяет,Qur’on,101
أَحْيَا,ahyaa,tirik qildi,оживил,Qur’on,101
يُحْيِي,yuhyii,tirik qiladi,оживляет,Qur’on,101
أَمَاتَ,amaata,o‘ldirdi,умертвил,Qur’on,101
يُمِيتُ,yumiitu,o‘ldiradi,умерщвляет,Qur’on,101
حَكَمَ,hakama,hukm qildi,судил,Qur’on,101
يَحْكُمُ,yahkumu,hukm qiladi,судит,Qur’on,101
وَعَدَ,wa‘ada,va’da berdi,обещал,Qur’on,101
يَعِدُ,ya‘idu,va’da beradi,обещает,Qur’on,101
وَفَى,wafaa,va’dasini bajardi,исполнил,Qur’on,101
يُوفِي,yuufii,bajaradi,исполняет,Qur’on,101
بَعَثَ,ba‘atha,tiriltirdi,воскресил,Qur’on,101
يَبْعَثُ,yab‘athu,tiriltiradi,воскресит,Qur’on,101
هَدَى,hadaa,hidoyat qildi,направил,Qur’on,101
يَهْدِي,yahdii,hidoyat qiladi,направляет,Qur’on,101
أَضَلَّ,adalla,adashishga soldi,сбил,Qur’on,101
يُضِلُّ,yudillu,adashishga soladi,сбивает,Qur’on,101
arabic,transliteration,uz,ru,category,lesson_id
وَ,wa,va,и,Qur’on-bog‘lovchi,102
فَ,fa,bas/shunda,и тогда,Qur’on-bog‘lovchi,102
ثُمَّ,thumma,so‘ng,затем,Qur’on-bog‘lovchi,102
أَوْ,aw,yoki,или,Qur’on-bog‘lovchi,102
أَمْ,am,yoki (savolda),или,Qur’on-bog‘lovchi,102
بَلْ,bal,balki,напротив,Qur’on-bog‘lovchi,102
لَكِنْ,lakin,lekin,но,Qur’on-bog‘lovchi,102
إِنَّ,inna,albatta,поистине,Qur’on-bog‘lovchi,102
أَنَّ,anna,shubhasizki,что,Qur’on-bog‘lovchi,102
إِذْ,idh,qachonki,когда,Qur’on-bog‘lovchi,102
إِذَا,idhaa,agar/qachon,если,Qur’on-bog‘lovchi,102
حِينَ,hiina,vaqtida,когда,Qur’on-bog‘lovchi,102
لَوْ,law,agar (bo‘lmagan),если бы,Qur’on-bog‘lovchi,102
لَوْلَا,lawlaa,agar bo‘lmaganda,если бы не,Qur’on-bog‘lovchi,102
لَعَلَّ,la‘alla,balki/umid,может быть,Qur’on-bog‘lovchi,102
كَيْ,kay,uchun,чтобы,Qur’on-bog‘lovchi,102
حَتَّى,hattaa,hatto,пока,Qur’on-bog‘lovchi,102
مِنْ,min,dan,из,Qur’on-bog‘lovchi,102
إِلَى,ilaa,ga,к,Qur’on-bog‘lovchi,102
عَلَى,‘alaa,ustida,на,Qur’on-bog‘lovchi,102
عَنْ,‘an,haqida,о,Qur’on-bog‘lovchi,102
فِي,fii,ichida,в,Qur’on-bog‘lovchi,102
بِ,bi,bilan,с,Qur’on-bog‘lovchi,102
كَ,ka,kabi,как,Qur’on-bog‘lovchi,102
لِ,li,uchun,для,Qur’on-bog‘lovchi,102
مَعَ,ma‘a,bilan,вместе с,Qur’on-bog‘lovchi,102
بَيْنَ,bayna,o‘rtasida,между,Qur’on-bog‘lovchi,102
عِنْدَ,‘inda,yonida,у,Qur’on-bog‘lovchi,102
قَبْلَ,qabla,oldin,до,Qur’on-bog‘lovchi,102
بَعْدَ,ba‘da,keyin,после,Qur’on-bog‘lovchi,102
مَعَ ذَلِكَ,ma‘a dhaalika,shunga qaramay,однако,Qur’on-bog‘lovchi,102
كَذَلِكَ,kadhaalika,xuddi shunday,таким образом,Qur’on-bog‘lovchi,102
هَلْ,hal,so‘roqmi,ли,Qur’on-bog‘lovchi,102
أَ, a ,so‘roq belgisi,ли,Qur’on-bog‘lovchi,102
لَا,la,yo‘q,нет,Qur’on-bog‘lovchi,102
مَا,maa,emas/nima,не/Qur’on-bog‘lovchi,102
لَمْ,lam,inkor (o‘tgan),не,Qur’on-bog‘lovchi,102
لَنْ,lan,hech qachon emas,никогда,Qur’on-bog‘lovchi,102
إِلَّا,illaa,faqat,кроме,Qur’on-bog‘lovchi,102
غَيْر,ghayr,boshqa,кроме,Qur’on-bog‘lovchi,102
كُلّ,kull,hamma,все,Qur’on-bog‘lovchi,102
بَعْض,ba‘d,bir qismi,некоторые,Qur’on-bog‘lovchi,102
هَذَا,haadhaa,bu,этот,Qur’on-bog‘lovchi,102
هَذِهِ,haadhihi,bu (ayol),эта,Qur’on-bog‘lovchi,102
ذَلِكَ,dhaalika,u,тот,Qur’on-bog‘lovchi,102
تِلْكَ,tilka,u (ayol),та,Qur’on-bog‘lovchi,102
الَّذِي,alladhii,kimki,который,Qur’on-bog‘lovchi,102
الَّتِي,allatii,qaysiki,которая,Qur’on-bog‘lovchi,102
مَنْ,man,kim,кто,Qur’on-bog‘lovchi,102
مَا,maa,nima,что,Qur’on-bog‘lovchi,102
أَيْنَ,ayna,qayerda,где,Qur’on-bog‘lovchi,102
مَتَى,mataa,qachon,когда,Qur’on-bog‘lovchi,102
كَيْفَ,kayfa,qanday,как,Qur’on-bog‘lovchi,102
كَمْ,kam,nechta,сколько,Qur’on-bog‘lovchi,102
إِذَنْ,idhan,unda,тогда,Qur’on-bog‘lovchi,102
أَمَّا,ammaa,ammo,что касается,Qur’on-bog‘lovchi,102
إِنْ,in,agar,если,Qur’on-bog‘lovchi,102
مَا لَمْ,maa lam,agar bo‘lmasa,если не,Qur’on-bog‘lovchi,102
كَيْ لَا,kay laa,shunda emas,чтобы не,Qur’on-bog‘lovchi,102
arabic,transliteration,uz,ru,category,lesson_id
إِنْسَان,insaan,inson,человек,Qur’on-ot,103
نَاس,naas,odamlar,люди,Qur’on-ot,103
قَوْم,qawm,qavm,народ,Qur’on-ot,103
عَبْد,‘abd,banda,раб,Qur’on-ot,103
عِبَاد,‘ibaad,bandalar,рабы,Qur’on-ot,103
نَبِي,nabiyy,Payg‘ambar,пророк,Qur’on-ot,103
رَسُول,rasuul,Rasul,посланник,Qur’on-ot,103
آيَة,aayah,oyat,аят,Qur’on-ot,103
كِتَاب,kitaab,kitob,книга,Qur’on-ot,103
قُرْآن,qur’aan,Qur’on,Коран,Qur’on-ot,103
ذِكْر,dhikr,zikr,поминание,Qur’on-ot,103
وَحْي,wahy,vahiy,откровение,Qur’on-ot,103
دِين,diin,din,религия,Qur’on-ot,103
إِيمَان,iimaan,imon,вера,Qur’on-ot,103
كُفْر,kufr,kufr,неверие,Qur’on-ot,103
نِفَاق,nifaaq,nifoq,лицемерие,Qur’on-ot,103
حَقّ,haqq,haqiqat,истина,Qur’on-ot,103
بَاطِل,baatil,yolg‘on,ложь,Qur’on-ot,103
هُدًى,hudan,hidoyat,руководство,Qur’on-ot,103
ضَلَال,dalaal,adashish,заблуждение,Qur’on-ot,103
عِلْم,‘ilm,bilim,знание,Qur’on-ot,103
حِكْمَة,hikma,hikmat,мудрость,Qur’on-ot,103
قَلْب,qalb,yurak,сердце,Qur’on-ot,103
نَفْس,nafs,nafs,душа,Qur’on-ot,103
عَقْل,‘aql,aql,разум,Qur’on-ot,103
صَبْر,sabr,sabr,терпение,Qur’on-ot,103
شُكْر,shukr,shukr,благодарность,Qur’on-ot,103
تَوْبَة,tawba,tavba,покаяние,Qur’on-ot,103
مَغْفِرَة,maghfira,mag‘firat,прощение,Qur’on-ot,103
رَحْمَة,rahma,rahmat,милость,Qur’on-ot,103
نِعْمَة,ni‘ma,ne’mat,благодать,Qur’on-ot,103
عَذَاب,‘adhaab,azob,наказание,Qur’on-ot,103
جَزَاء,jazaa’,jazo,воздаяние,Qur’on-ot,103
حِسَاب,hisaab,hisob,отчёт,Qur’on-ot,103
مِيزَان,miizaan,tarozu,весы,Qur’on-ot,103
يَوْم,yawm,kun,день,Qur’on-ot,103
سَاعَة,saa‘a,qiyomat vaqti,час,Qur’on-ot,103
دُنْيَا,dunyaa,dunyo,мир,Qur’on-ot,103
آخِرَة,aakhirah,oxirat,вечность,Qur’on-ot,103
قِيَامَة,qiyaama,qiyomat,судный день,Qur’on-ot,103
بَعْث,ba‘th,tirilish,воскрешение,Qur’on-ot,103
جَنَّة,jannah,jannat,рай,Qur’on-ot,103
نَار,naar,do‘zax,ад,Qur’on-ot,103
فِرْدَوْس,firdaws,Firdavs,Фирдаус,Qur’on-ot,103
سَعِير,sa‘iir,olov,пламя,Qur’on-ot,103
جَهَنَّم,jahannam,Jahannam,геенна,Qur’on-ot,103
زَقُّوم,zaqquum,zaqqum daraxti,заккум,Qur’on-ot,103
مَاء,maa’,suv,вода,Qur’on-ot,103
نُور,nuur,nur,свет,Qur’on-ot,103
ظُلْمَة,zulma,zulmat,тьма,Qur’on-ot,103
سَمَاء,samaa,osmon,небо,Qur’on-ot,103
أَرْض,ard,yer,земля,Qur’on-ot,103
جَبَل,jabal,tog‘,гора,Qur’on-ot,103
بَحْر,bahr,dengiz,море,Qur’on-ot,103
نَهْر,nahr,daryo,река,Qur’on-ot,103
مَلَك,malak,farišta,ангел,Qur’on-ot,103
مَلَائِكَة,malaa’ika,fariştalar,ангелы,Qur’on-ot,103
جِنّ,jinn,jin,джинн,Qur’on-ot,103
شَيْطَان,shaytaan,shayton,сатана,Qur’on-ot,103
إِبْلِيس,ibliis,Iblis,Иблис,Qur’on-ot,103
أُمَّة,ummah,ummat,община,Qur’on-ot,103
مِيثَاق,miithaaq,ahd,завет,Qur’on-ot,103
عَهْد,‘ahd,ahd,договор,Qur’on-ot,103
أَمَانَة,amaanah,omonat,доверие,Qur’on-ot,103
حَرَام,haraam,harom,запретное,Qur’on-ot,103
حَلَال,halaal,halol,дозволенное,Qur’on-ot,103
